Date,CummMTM,MTM,TransactionCost,SlippageCost,TodayMargin,TotalMargin,OvnVaR_DownWorst,OvnVaR_UpWorst,OvnProb_Down%,OvnProb_Up%
01-01-2021 00:00:00,0.00,0.00,0.00,0.00,0,0.00,0,0,0,0
04-01-2021 00:00:00,0.00,0.00,0.00,0.00,0,0.00,0,0,0,0
05-01-2021 00:00:00,0.00,0.00,0.00,0.00,0,0.00,0,0,0,0
06-01-2021 00:00:00,0.00,0.00,0.00,0.00,0,0.00,0,0,0,0
07-01-2021 00:00:00,0.00,0.00,0.00,0.00,0,0.00,0,0,0,0
08-01-2021 00:00:00,0.00,0.00,0.00,0.00,0,0.00,0,0,0,0
11-01-2021 00:00:00,0.00,0.00,0.00,0.00,0,0.00,0,0,0,0
12-01-2021 00:00:00,0.00,0.00,0.00,0.00,0,0.00,0,0,0,0
13-01-2021 00:00:00,-926.25,-949.75,11.52,11.98,0,0.00,0,0,0,0
14-01-2021 00:00:00,-926.25,0.00,0.00,0.00,0,0.00,0,0,0,0
15-01-2021 00:00:00,-926.25,0.00,0.00,0.00,0,0.00,0,0,0,0
18-01-2021 00:00:00,-926.25,0.00,0.00,0.00,0,0.00,0,0,0,0
19-01-2021 00:00:00,-926.25,0.00,0.00,0.00,0,0.00,0,0,0,0
20-01-2021 00:00:00,-221.25,694.02,5.24,5.74,66000,66000.00,-23486.25,0,1.02,0
21-01-2021 00:00:00,1008.75,1212.97,9.25,7.78,-66000,0.00,0,0,0,0
22-01-2021 00:00:00,1008.75,0.00,0.00,0.00,0,0.00,0,0,0,0
25-01-2021 00:00:00,1635.00,613.80,6.47,5.98,66000,66000.00,0,-21011.25,0,13.22
27-01-2021 00:00:00,4807.50,3153.56,9.87,9.06,73000,139000.00,0,-48708.75,0,6.08
28-01-2021 00:00:00,11985.00,7153.11,14.64,9.76,0,139000.00,0,-42078.75,0,1.89
29-01-2021 00:00:00,11583.75,-408.22,3.04,3.93,-139000,0.00,0,0,0,0
01-02-2021 00:00:00,11583.75,0.00,0.00,0.00,0,0.00,0,0,0,0
02-02-2021 00:00:00,10496.25,-1108.08,10.02,10.56,0,0.00,0,0,0,0
03-02-2021 00:00:00,13773.75,3251.22,14.01,12.27,66000,66000.00,-21153.75,0,3.70,0
04-02-2021 00:00:00,14073.75,298.63,0.82,0.55,0,66000.00,-20763.75,0,0.96,0
05-02-2021 00:00:00,14043.75,-30.00,0.00,0.00,0,66000.00,-20688.75,0,0.35,0
08-02-2021 00:00:00,14430.00,386.25,0.00,0.00,0,66000.00,-21037.50,0,15.59,0
09-02-2021 00:00:00,14467.50,37.50,0.00,0.00,0,66000.00,-22035.00,0,11.47,0
10-02-2021 00:00:00,14463.75,-4.23,0.23,0.26,-66000,0.00,0,0,0,0
11-02-2021 00:00:00,14463.75,0.00,0.00,0.00,0,0.00,0,0,0,0
12-02-2021 00:00:00,14463.75,0.00,0.00,0.00,0,0.00,0,0,0,0
15-02-2021 00:00:00,14463.75,0.00,0.00,0.00,0,0.00,0,0,0,0
16-02-2021 00:00:00,14463.75,0.00,0.00,0.00,0,0.00,0,0,0,0
17-02-2021 00:00:00,14463.75,0.00,0.00,0.00,0,0.00,0,0,0,0
18-02-2021 00:00:00,14463.75,0.00,0.00,0.00,0,0.00,0,0,0,0
19-02-2021 00:00:00,14130.00,-343.75,5.27,4.74,59000,59000.00,0,-13571.25,0,0.12
22-02-2021 00:00:00,15397.50,1267.50,0.00,0.00,0,59000.00,0,-14835.00,0,32.32
23-02-2021 00:00:00,15296.25,-102.43,0.53,0.65,-59000,0.00,0,0,0,0
24-02-2021 00:00:00,15296.25,0.00,0.00,0.00,0,0.00,0,0,0,0
25-02-2021 00:00:00,14808.75,-503.87,8.31,8.06,66000,66000.00,-21221.25,0,0.85,0
26-02-2021 00:00:00,11501.25,-3325.95,8.16,10.30,-66000,0.00,0,0,0,0
01-03-2021 00:00:00,11501.25,0.00,0.00,0.00,0,0.00,0,0,0,0
02-03-2021 00:00:00,11501.25,0.00,0.00,0.00,0,0.00,0,0,0,0
03-03-2021 00:00:00,11501.25,0.00,0.00,0.00,0,0.00,0,0,0,0
04-03-2021 00:00:00,11501.25,0.00,0.00,0.00,0,0.00,0,0,0,0
05-03-2021 00:00:00,11501.25,0.00,0.00,0.00,0,0.00,0,0,0,0
08-03-2021 00:00:00,11501.25,0.00,0.00,0.00,0,0.00,0,0,0,0
09-03-2021 00:00:00,11501.25,0.00,0.00,0.00,0,0.00,0,0,0,0
10-03-2021 00:00:00,11501.25,0.00,0.00,0.00,0,0.00,0,0,0,0
12-03-2021 00:00:00,11501.25,0.00,0.00,0.00,0,0.00,0,0,0,0
15-03-2021 00:00:00,11501.25,0.00,0.00,0.00,0,0.00,0,0,0,0
16-03-2021 00:00:00,11501.25,0.00,0.00,0.00,0,0.00,0,0,0,0
17-03-2021 00:00:00,11501.25,0.00,0.00,0.00,0,0.00,0,0,0,0
18-03-2021 00:00:00,11501.25,0.00,0.00,0.00,0,0.00,0,0,0,0
19-03-2021 00:00:00,11501.25,0.00,0.00,0.00,0,0.00,0,0,0,0
22-03-2021 00:00:00,11501.25,0.00,0.00,0.00,0,0.00,0,0,0,0
23-03-2021 00:00:00,11501.25,0.00,0.00,0.00,0,0.00,0,0,0,0
24-03-2021 00:00:00,11501.25,0.00,0.00,0.00,0,0.00,0,0,0,0
25-03-2021 00:00:00,13305.00,1759.08,23.12,21.55,66000,66000.00,0,-20921.25,0,0.63
26-03-2021 00:00:00,11910.00,-1405.60,4.61,5.98,-66000,0.00,0,0,0,0
30-03-2021 00:00:00,11910.00,0.00,0.00,0.00,0,0.00,0,0,0,0
31-03-2021 00:00:00,11910.00,0.00,0.00,0.00,0,0.00,0,0,0,0
01-04-2021 00:00:00,11910.00,0.00,0.00,0.00,0,0.00,0,0,0,0
05-04-2021 00:00:00,11910.00,0.00,0.00,0.00,0,0.00,0,0,0,0
06-04-2021 00:00:00,11910.00,0.00,0.00,0.00,0,0.00,0,0,0,0
07-04-2021 00:00:00,11910.00,0.00,0.00,0.00,0,0.00,0,0,0,0
08-04-2021 00:00:00,11910.00,0.00,0.00,0.00,0,0.00,0,0,0,0
09-04-2021 00:00:00,11910.00,0.00,0.00,0.00,0,0.00,0,0,0,0
12-04-2021 00:00:00,12273.75,354.38,4.83,4.55,66000,66000.00,0,-21311.25,0,9.29
13-04-2021 00:00:00,12303.75,24.46,2.73,2.82,-66000,0.00,0,0,0,0
15-04-2021 00:00:00,11156.25,-1166.25,9.09,9.66,0,0.00,0,0,0,0
16-04-2021 00:00:00,11156.25,0.00,0.00,0.00,0,0.00,0,0,0,0
19-04-2021 00:00:00,11156.25,0.00,0.00,0.00,0,0.00,0,0,0,0
20-04-2021 00:00:00,11156.25,0.00,0.00,0.00,0,0.00,0,0,0,0
22-04-2021 00:00:00,11156.25,0.00,0.00,0.00,0,0.00,0,0,0,0
23-04-2021 00:00:00,11156.25,0.00,0.00,0.00,0,0.00,0,0,0,0
26-04-2021 00:00:00,11156.25,0.00,0.00,0.00,0,0.00,0,0,0,0
27-04-2021 00:00:00,11156.25,0.00,0.00,0.00,0,0.00,0,0,0,0
28-04-2021 00:00:00,10766.25,-405.35,7.41,7.94,66000,66000.00,-22548.75,0,2.25,0
29-04-2021 00:00:00,14940.00,4151.89,11.72,10.14,-66000,0.00,-1612.50,0,1.06,0
30-04-2021 00:00:00,14152.50,-789.71,1.33,0.89,0,0.00,0,0,0,0
03-05-2021 00:00:00,13046.25,-1121.51,7.36,7.91,0,0.00,0,0,0,0
04-05-2021 00:00:00,13046.25,0.00,0.00,0.00,0,0.00,0,0,0,0
05-05-2021 00:00:00,13046.25,0.00,0.00,0.00,0,0.00,0,0,0,0
06-05-2021 00:00:00,13046.25,0.00,0.00,0.00,0,0.00,0,0,0,0
07-05-2021 00:00:00,13046.25,0.00,0.00,0.00,0,0.00,0,0,0,0
10-05-2021 00:00:00,13046.25,0.00,0.00,0.00,0,0.00,0,0,0,0
11-05-2021 00:00:00,13046.25,0.00,0.00,0.00,0,0.00,0,0,0,0
12-05-2021 00:00:00,13046.25,0.00,0.00,0.00,0,0.00,0,0,0,0
14-05-2021 00:00:00,13046.25,0.00,0.00,0.00,0,0.00,0,0,0,0
17-05-2021 00:00:00,13046.25,0.00,0.00,0.00,0,0.00,0,0,0,0
18-05-2021 00:00:00,13016.25,-43.45,7.07,6.38,66000,66000.00,-20790.00,0,0.45,0
19-05-2021 00:00:00,12641.25,-375.00,0.00,0.00,0,66000.00,-20553.75,0,0.20,0
20-05-2021 00:00:00,12461.25,-186.76,2.89,3.87,-66000,0.00,0,0,0,0
21-05-2021 00:00:00,12461.25,0.00,0.00,0.00,0,0.00,0,0,0,0
24-05-2021 00:00:00,12461.25,0.00,0.00,0.00,0,0.00,0,0,0,0
25-05-2021 00:00:00,12461.25,0.00,0.00,0.00,0,0.00,0,0,0,0
26-05-2021 00:00:00,12461.25,0.00,0.00,0.00,0,0.00,0,0,0,0
27-05-2021 00:00:00,12461.25,0.00,0.00,0.00,0,0.00,0,0,0,0
28-05-2021 00:00:00,12813.75,337.71,7.82,6.97,132000,132000.00,-43571.25,0,0.00,0
31-05-2021 00:00:00,13837.50,1022.82,0.56,0.37,0,132000.00,-44287.50,0,0.21,0
01-06-2021 00:00:00,14231.25,383.00,5.60,5.15,66000,198000.00,-66120.00,0,0.07,0
02-06-2021 00:00:00,14651.25,420.00,0.00,0.00,0,198000.00,-66577.50,0,0.01,0
03-06-2021 00:00:00,15135.00,483.75,0.00,0.00,-132000,66000.00,-22087.50,0,0.00,0
04-06-2021 00:00:00,15532.50,388.42,4.87,4.21,66000,132000.00,-43702.50,0,0.00,0
07-06-2021 00:00:00,16312.50,780.00,0.00,0.00,0,132000.00,-44523.75,0,0.02,0
08-06-2021 00:00:00,16481.25,168.75,0.00,0.00,0,132000.00,-44696.25,0,0.00,0
09-06-2021 00:00:00,16233.75,-249.53,0.88,1.15,-132000,0.00,0,0,0,0
10-06-2021 00:00:00,16233.75,0.00,0.00,0.00,0,0.00,0,0,0,0
11-06-2021 00:00:00,16293.75,51.76,4.32,3.92,66000,66000.00,-21742.50,0,0.00,0
14-06-2021 00:00:00,14988.75,-1311.57,2.77,3.80,-66000,0.00,0,0,0,0
15-06-2021 00:00:00,14838.75,-157.89,3.97,3.92,66000,66000.00,-22102.50,0,0.00,0
16-06-2021 00:00:00,14156.25,-684.17,1.00,0.67,0,66000.00,-20850.00,0,0.00,0
17-06-2021 00:00:00,13826.25,-361.69,15.86,15.83,52000,118000.00,0,-27952.50,0,0.00
18-06-2021 00:00:00,14538.75,693.49,9.18,9.83,-118000,0.00,0,0,0,0
21-06-2021 00:00:00,14538.75,0.00,0.00,0.00,0,0.00,0,0,0,0
22-06-2021 00:00:00,14538.75,0.00,0.00,0.00,0,0.00,0,0,0,0
23-06-2021 00:00:00,14842.50,294.63,4.21,4.91,66000,66000.00,0,-24131.25,0,0.00
24-06-2021 00:00:00,13653.75,-1193.22,2.68,1.79,0,66000.00,0,-21191.25,0,0.00
25-06-2021 00:00:00,14193.75,540.00,0.00,0.00,0,66000.00,0,-21727.50,0,0.00
28-06-2021 00:00:00,14066.25,-129.48,0.77,1.21,-66000,0.00,0,0,0,0
29-06-2021 00:00:00,14066.25,0.00,0.00,0.00,0,0.00,0,0,0,0
30-06-2021 00:00:00,14066.25,0.00,0.00,0.00,0,0.00,0,0,0,0
01-07-2021 00:00:00,14066.25,0.00,0.00,0.00,0,0.00,0,0,0,0
02-07-2021 00:00:00,14066.25,0.00,0.00,0.00,0,0.00,0,0,0,0
05-07-2021 00:00:00,14066.25,0.00,0.00,0.00,0,0.00,0,0,0,0
06-07-2021 00:00:00,13368.75,-704.44,3.61,3.33,66000,66000.00,-21176.25,0,0.00,0
07-07-2021 00:00:00,14055.00,684.66,0.96,0.64,0,66000.00,-21277.50,0,0.00,0
08-07-2021 00:00:00,13076.25,-995.21,7.69,8.77,0,66000.00,0,-22443.75,0,0.00
09-07-2021 00:00:00,13380.00,301.55,1.32,0.88,0,66000.00,0,-21858.75,0,0.00
12-07-2021 00:00:00,13785.00,405.00,0.00,0.00,0,66000.00,0,-22297.50,0,0.00
13-07-2021 00:00:00,13792.50,-0.04,3.77,3.77,66000,132000.00,-22222.50,-3397.50,0.00,400.55
14-07-2021 00:00:00,14088.75,293.21,1.72,1.32,-66000,66000.00,-21772.50,0,0.00,0
15-07-2021 00:00:00,14373.75,285.00,0.00,0.00,0,66000.00,-22061.25,0,0.00,0
16-07-2021 00:00:00,14550.00,176.25,0.00,0.00,0,66000.00,-22245.00,0,0.00,0
19-07-2021 00:00:00,14430.00,-136.32,8.27,8.05,59000,125000.00,0,-36618.75,0,0.00
20-07-2021 00:00:00,16301.25,1864.10,3.68,3.47,66000,191000.00,0,-60476.25,0,0.00
22-07-2021 00:00:00,14647.50,-1664.70,5.22,5.73,-191000,0.00,0,0,0,0
23-07-2021 00:00:00,14647.50,0.00,0.00,0.00,0,0.00,0,0,0,0
26-07-2021 00:00:00,14647.50,0.00,0.00,0.00,0,0.00,0,0,0,0
27-07-2021 00:00:00,14737.50,88.50,0.50,1.00,0,0.00,0,-1087.50,0,0.00
28-07-2021 00:00:00,15498.75,739.34,11.77,10.14,66000,66000.00,0,-21060.00,0,0.00
29-07-2021 00:00:00,15390.00,-112.20,1.35,2.11,-66000,0.00,0,0,0,0
30-07-2021 00:00:00,15390.00,0.00,0.00,0.00,0,0.00,0,0,0,0
02-08-2021 00:00:00,15390.00,0.00,0.00,0.00,0,0.00,0,0,0,0
03-08-2021 00:00:00,15847.50,447.81,5.00,4.69,73000,73000.00,-29707.50,0,0.00,0
04-08-2021 00:00:00,16631.25,771.25,6.41,6.10,73000,146000.00,-59846.25,0,0.00,0
05-08-2021 00:00:00,18427.50,1789.21,4.22,2.82,0,146000.00,-58916.25,0,0.00,0
06-08-2021 00:00:00,19136.25,699.37,4.98,4.40,66000,212000.00,-81011.25,0,0.00,0
09-08-2021 00:00:00,19616.25,480.00,0.00,0.00,0,212000.00,-81528.75,0,0.00,0
10-08-2021 00:00:00,20036.25,420.00,0.00,0.00,0,212000.00,-81948.75,0,0.00,0
11-08-2021 00:00:00,20343.75,307.50,0.00,0.00,0,212000.00,-82256.25,0,0.00,0
12-08-2021 00:00:00,20587.50,243.75,0.00,0.00,-212000,0.00,0,0,0,0
13-08-2021 00:00:00,21783.75,1190.24,3.19,2.82,66000,66000.00,-22946.25,0,0.00,0
16-08-2021 00:00:00,21776.25,-7.50,0.00,0.00,0,66000.00,-22942.50,0,0.00,0
17-08-2021 00:00:00,21498.75,-286.13,4.34,4.29,80000,146000.00,-59921.25,0,0.00,0
18-08-2021 00:00:00,21367.50,-133.88,1.58,1.05,-66000,80000.00,-36356.25,0,0.00,0
20-08-2021 00:00:00,19458.75,-1915.97,2.86,4.36,-80000,0.00,0,0,0,0
23-08-2021 00:00:00,19458.75,0.00,0.00,0.00,0,0.00,0,0,0,0
24-08-2021 00:00:00,19983.75,518.49,3.36,3.15,73000,73000.00,-29970.00,0,0.00,0
25-08-2021 00:00:00,19252.50,-746.78,7.69,7.84,66000,139000.00,-52050.00,0,0.00,0
26-08-2021 00:00:00,19012.50,-241.45,0.87,0.58,0,139000.00,-51300.00,0,0.00,0
27-08-2021 00:00:00,19582.50,570.00,0.00,0.00,0,139000.00,-51892.50,0,0.00,0
30-08-2021 00:00:00,20951.25,1361.68,3.60,3.47,73000,212000.00,-82818.75,0,0.00,0
31-08-2021 00:00:00,22530.00,1569.42,5.14,4.19,0,212000.00,-82327.50,0,0.00,0
01-09-2021 00:00:00,22642.50,110.21,1.37,0.92,0,212000.00,-81780.00,0,0.00,0
02-09-2021 00:00:00,23002.50,360.00,0.00,0.00,-139000,73000.00,-29531.25,0,0.00,0
03-09-2021 00:00:00,23242.50,230.22,5.21,4.57,66000,139000.00,-50906.25,0,0.00,0
06-09-2021 00:00:00,23955.00,712.50,0.00,0.00,0,139000.00,-51911.25,0,0.01,0
07-09-2021 00:00:00,24123.75,168.75,0.00,0.00,0,139000.00,-52136.25,0,0.00,0
08-09-2021 00:00:00,24375.00,251.25,0.00,0.00,0,139000.00,-52387.50,0,0.00,0
09-09-2021 00:00:00,24487.50,112.50,0.00,0.00,-139000,0.00,0,0,0,0
13-09-2021 00:00:00,24487.50,0.00,0.00,0.00,0,0.00,0,0,0,0
14-09-2021 00:00:00,24431.25,-65.80,4.97,4.58,66000,66000.00,-21630.00,0,0.00,0
15-09-2021 00:00:00,28380.00,3938.85,4.53,5.37,66000,132000.00,-49695.00,0,0.00,0
16-09-2021 00:00:00,31275.00,2873.32,13.01,8.67,0,132000.00,-43950.00,0,0.00,0
17-09-2021 00:00:00,30172.50,-1123.85,10.15,11.19,-132000,0.00,0,0,0,0
20-09-2021 00:00:00,30172.50,0.00,0.00,0.00,0,0.00,0,0,0,0
21-09-2021 00:00:00,30172.50,0.00,0.00,0.00,0,0.00,0,0,0,0
22-09-2021 00:00:00,29625.00,-565.70,9.32,8.88,73000,73000.00,-28462.50,0,0.01,0
23-09-2021 00:00:00,36153.75,6506.81,11.66,10.27,73000,146000.00,-61901.25,0,0.00,0
24-09-2021 00:00:00,37916.25,1742.25,11.50,8.75,66000,212000.00,-80775.00,0,0.00,0
27-09-2021 00:00:00,38786.25,870.00,0.00,0.00,0,212000.00,-81937.50,0,0.46,0
28-09-2021 00:00:00,38628.75,-159.04,0.59,0.95,-212000,0.00,0,0,0,0
29-09-2021 00:00:00,38628.75,0.00,0.00,0.00,0,0.00,0,0,0,0
30-09-2021 00:00:00,38628.75,0.00,0.00,0.00,0,0.00,0,0,0,0
01-10-2021 00:00:00,38628.75,0.00,0.00,0.00,0,0.00,0,0,0,0
04-10-2021 00:00:00,38733.75,95.06,5.21,4.73,66000,66000.00,-21453.75,0,0.11,0
05-10-2021 00:00:00,39176.25,442.50,0.00,0.00,0,66000.00,-21855.00,0,0.03,0
06-10-2021 00:00:00,38351.25,-830.16,2.28,2.89,-66000,0.00,0,0,0,0
07-10-2021 00:00:00,38351.25,0.00,0.00,0.00,0,0.00,0,0,0,0
08-10-2021 00:00:00,38351.25,0.00,0.00,0.00,0,0.00,0,0,0,0
11-10-2021 00:00:00,38351.25,0.00,0.00,0.00,0,0.00,0,0,0,0
12-10-2021 00:00:00,38351.25,0.00,0.00,0.00,0,0.00,0,0,0,0
13-10-2021 00:00:00,42438.75,4065.92,11.66,9.92,66000,66000.00,-22957.50,0,0.00,0
14-10-2021 00:00:00,44235.00,1785.04,4.98,6.23,66000,132000.00,-46770.00,0,0.00,0
18-10-2021 00:00:00,49068.75,4804.94,16.28,12.53,73000,205000.00,-73856.25,0,0.20,0
19-10-2021 00:00:00,48371.25,-699.44,1.16,0.78,0,205000.00,-72615.00,0,0.08,0
20-10-2021 00:00:00,47823.75,-561.76,6.45,7.81,-205000,0.00,0,0,0,0
21-10-2021 00:00:00,47823.75,0.00,0.00,0.00,0,0.00,0,0,0,0
22-10-2021 00:00:00,46893.75,-943.29,6.41,6.88,0,0.00,0,0,0,0
25-10-2021 00:00:00,45097.50,-1820.44,11.65,12.54,0,0.00,0,0,0,0
26-10-2021 00:00:00,45097.50,0.00,0.00,0.00,0,0.00,0,0,0,0
27-10-2021 00:00:00,45097.50,0.00,0.00,0.00,0,0.00,0,0,0,0
28-10-2021 00:00:00,46117.50,1006.46,6.55,6.99,66000,66000.00,0,-21570.00,0,0.00
29-10-2021 00:00:00,49102.50,2953.53,16.65,14.82,59000,125000.00,0,-35895.00,0,0.00
01-11-2021 00:00:00,48502.50,-605.33,2.12,3.21,-125000,0.00,0,0,0,0
02-11-2021 00:00:00,48502.50,0.00,0.00,0.00,0,0.00,0,0,0,0
03-11-2021 00:00:00,48502.50,0.00,0.00,0.00,0,0.00,0,0,0,0
08-11-2021 00:00:00,48502.50,0.00,0.00,0.00,0,0.00,0,0,0,0
09-11-2021 00:00:00,48502.50,0.00,0.00,0.00,0,0.00,0,0,0,0
10-11-2021 00:00:00,48502.50,0.00,0.00,0.00,0,0.00,0,0,0,0
11-11-2021 00:00:00,48502.50,0.00,0.00,0.00,0,0.00,0,0,0,0
12-11-2021 00:00:00,48502.50,0.00,0.00,0.00,0,0.00,0,0,0,0
15-11-2021 00:00:00,47801.25,-712.39,5.89,5.25,66000,66000.00,-20441.25,0,0.02,0
16-11-2021 00:00:00,47107.50,-704.64,4.78,6.12,-66000,0.00,0,0,0,0
17-11-2021 00:00:00,46927.50,-190.04,4.66,5.39,66000,66000.00,0,-23737.50,0,0.00
18-11-2021 00:00:00,49680.00,2729.57,12.71,10.22,66000,132000.00,0,-43976.25,0,0.00
22-11-2021 00:00:00,52672.50,2978.20,7.87,6.44,66000,198000.00,0,-66292.50,0,0.31
23-11-2021 00:00:00,52901.25,224.47,2.00,2.28,-198000,0.00,0,0,0,0
24-11-2021 00:00:00,52901.25,0.00,0.00,0.00,0,0.00,0,0,0,0
25-11-2021 00:00:00,51322.50,-1597.50,8.98,9.77,0,0.00,0,0,0,0
26-11-2021 00:00:00,54772.50,3427.97,11.93,10.10,125000,125000.00,0,-37143.75,0,0.06
29-11-2021 00:00:00,54176.25,-618.30,10.99,11.06,-59000,66000.00,0,-21386.25,0,4.87
30-11-2021 00:00:00,53655.00,-532.42,5.22,5.96,0,66000.00,0,-22432.50,0,2.73
01-12-2021 00:00:00,52387.50,-1275.13,3.57,4.05,-66000,0.00,0,0,0,0
02-12-2021 00:00:00,52387.50,0.00,0.00,0.00,0,0.00,0,0,0,0
03-12-2021 00:00:00,52387.50,0.00,0.00,0.00,0,0.00,0,0,0,0
06-12-2021 00:00:00,53017.50,619.43,5.61,4.96,66000,66000.00,0,-21138.75,0,2.83
07-12-2021 00:00:00,52683.75,-337.51,1.63,2.13,-66000,0.00,0,0,0,0
08-12-2021 00:00:00,52683.75,0.00,0.00,0.00,0,0.00,0,0,0,0
09-12-2021 00:00:00,52908.75,211.77,6.92,6.32,66000,66000.00,-21472.50,0,0.00,0
10-12-2021 00:00:00,52995.00,86.25,0.00,0.00,0,66000.00,-21588.75,0,0.00,0
13-12-2021 00:00:00,52845.00,-153.36,1.42,1.94,-66000,0.00,0,0,0,0
14-12-2021 00:00:00,52511.25,-343.87,5.39,4.73,66000,66000.00,0,-20737.50,0,0.06
15-12-2021 00:00:00,53126.25,615.00,0.00,0.00,0,66000.00,0,-21326.25,0,0.03
16-12-2021 00:00:00,53628.75,502.50,0.00,0.00,0,66000.00,0,-21907.50,0,0.00
17-12-2021 00:00:00,54041.25,412.50,0.00,0.00,0,66000.00,0,-22226.25,0,0.00
20-12-2021 00:00:00,54442.50,385.70,7.57,7.98,-66000,0.00,-566.25,-1095.00,2266.26,1.08
21-12-2021 00:00:00,54007.50,-436.66,1.00,0.66,0,0.00,0,0,0,0
22-12-2021 00:00:00,54007.50,0.00,0.00,0.00,0,0.00,0,0,0,0
23-12-2021 00:00:00,54007.50,0.00,0.00,0.00,0,0.00,0,0,0,0
24-12-2021 00:00:00,54007.50,0.00,0.00,0.00,0,0.00,0,0,0,0
27-12-2021 00:00:00,54007.50,0.00,0.00,0.00,0,0.00,0,0,0,0
28-12-2021 00:00:00,54007.50,0.00,0.00,0.00,0,0.00,0,0,0,0
29-12-2021 00:00:00,54007.50,0.00,0.00,0.00,0,0.00,0,0,0,0
30-12-2021 00:00:00,54007.50,0.00,0.00,0.00,0,0.00,0,0,0,0
31-12-2021 00:00:00,54007.50,0.00,0.00,0.00,0,0.00,0,0,0,0
03-01-2022 00:00:00,54007.50,0.00,0.00,0.00,0,0.00,0,0,0,0
04-01-2022 00:00:00,55293.75,1277.41,4.48,4.36,66000,66000.00,-23257.50,0,0.01,0
05-01-2022 00:00:00,61425.00,6097.58,18.62,15.06,66000,132000.00,-44561.25,0,0.02,0
06-01-2022 00:00:00,59512.50,-1926.80,6.68,7.62,-132000,0.00,0,0,0,0
07-01-2022 00:00:00,59512.50,0.00,0.00,0.00,0,0.00,0,0,0,0
10-01-2022 00:00:00,59482.50,-39.21,4.78,4.43,73000,73000.00,-28732.50,0,0.24,0
11-01-2022 00:00:00,59820.00,337.50,0.00,0.00,0,73000.00,-29103.75,0,0.13,0
12-01-2022 00:00:00,61282.50,1451.87,5.06,5.57,66000,139000.00,-53902.50,0,0.02,0
13-01-2022 00:00:00,61166.25,-120.15,2.34,1.56,0,139000.00,-52410.00,0,0.00,0
14-01-2022 00:00:00,60663.75,-503.92,0.85,0.57,0,139000.00,-51585.00,0,0.00,0
17-01-2022 00:00:00,61110.00,446.25,0.00,0.00,0,139000.00,-52263.75,0,0.11,0
18-01-2022 00:00:00,60922.50,-188.72,0.51,0.71,-139000,0.00,0,0,0,0
19-01-2022 00:00:00,60922.50,-8.69,4.07,4.63,66000,66000.00,0,-23493.75,0,0.05
20-01-2022 00:00:00,64740.00,3776.77,22.10,18.63,125000,191000.00,0,-57708.75,0,0.00
21-01-2022 00:00:00,66131.25,1391.25,0.00,0.00,0,191000.00,0,-58957.50,0,0.00
24-01-2022 00:00:00,66735.00,603.75,0.00,0.00,0,191000.00,0,-53527.50,0,10.20
25-01-2022 00:00:00,65643.75,-1132.83,20.51,21.06,-191000,0.00,0,0,0,0
27-01-2022 00:00:00,63986.25,-1758.63,50.15,50.98,0,0.00,0,0,0,0
28-01-2022 00:00:00,63986.25,0.00,0.00,0.00,0,0.00,0,0,0,0
31-01-2022 00:00:00,63986.25,0.00,0.00,0.00,0,0.00,0,0,0,0
01-02-2022 00:00:00,63986.25,0.00,0.00,0.00,0,0.00,0,0,0,0
02-02-2022 00:00:00,63986.25,0.00,0.00,0.00,0,0.00,0,0,0,0
03-02-2022 00:00:00,63986.25,0.00,0.00,0.00,0,0.00,0,0,0,0
04-02-2022 00:00:00,63986.25,0.00,0.00,0.00,0,0.00,0,0,0,0
07-02-2022 00:00:00,65606.25,1607.92,6.60,5.49,66000,66000.00,0,-20932.50,0,2.93
08-02-2022 00:00:00,64781.25,-847.50,10.89,11.61,-66000,0.00,0,0,0,0
09-02-2022 00:00:00,64781.25,0.00,0.00,0.00,0,0.00,0,0,0,0
10-02-2022 00:00:00,64781.25,0.00,0.00,0.00,0,0.00,0,0,0,0
11-02-2022 00:00:00,64672.50,-119.11,5.51,4.85,59000,59000.00,0,-13537.50,0,0.00
14-02-2022 00:00:00,66663.75,1980.84,5.43,4.97,73000,132000.00,0,-42892.50,0,13.23
15-02-2022 00:00:00,65482.50,-1190.87,4.42,5.20,-132000,0.00,0,0,0,0
16-02-2022 00:00:00,65482.50,0.00,0.00,0.00,0,0.00,0,0,0,0
17-02-2022 00:00:00,65482.50,0.00,0.00,0.00,0,0.00,0,0,0,0
18-02-2022 00:00:00,65482.50,0.00,0.00,0.00,0,0.00,0,0,0,0
21-02-2022 00:00:00,65482.50,0.00,0.00,0.00,0,0.00,0,0,0,0
22-02-2022 00:00:00,65482.50,0.00,0.00,0.00,0,0.00,0,0,0,0
23-02-2022 00:00:00,65482.50,0.00,0.00,0.00,0,0.00,0,0,0,0
24-02-2022 00:00:00,65482.50,0.00,0.00,0.00,0,0.00,0,0,0,0
25-02-2022 00:00:00,65482.50,0.00,0.00,0.00,0,0.00,0,0,0,0
28-02-2022 00:00:00,65482.50,0.00,0.00,0.00,0,0.00,0,0,0,0
02-03-2022 00:00:00,65482.50,0.00,0.00,0.00,0,0.00,0,0,0,0
03-03-2022 00:00:00,65482.50,0.00,0.00,0.00,0,0.00,0,0,0,0
04-03-2022 00:00:00,65482.50,0.00,0.00,0.00,0,0.00,0,0,0,0
07-03-2022 00:00:00,65895.00,398.48,7.16,6.87,66000,66000.00,0,-20598.75,0,78.98
08-03-2022 00:00:00,68486.25,2569.40,11.53,10.32,-66000,0.00,0,0,0,0
09-03-2022 00:00:00,68486.25,0.00,0.00,0.00,0,0.00,0,0,0,0
10-03-2022 00:00:00,68771.25,235.18,24.98,24.84,0,0.00,0,0,0,0
11-03-2022 00:00:00,68771.25,0.00,0.00,0.00,0,0.00,0,0,0,0
14-03-2022 00:00:00,68771.25,0.00,0.00,0.00,0,0.00,0,0,0,0
15-03-2022 00:00:00,68771.25,0.00,0.00,0.00,0,0.00,0,0,0,0
16-03-2022 00:00:00,68771.25,0.00,0.00,0.00,0,0.00,0,0,0,0
17-03-2022 00:00:00,68373.75,-414.89,8.84,8.54,66000,66000.00,-21146.25,0,0.84,0
21-03-2022 00:00:00,66108.75,-2300.83,18.22,17.61,14000,80000.00,-30922.50,0,18.03,0
22-03-2022 00:00:00,65625.00,-503.93,8.85,11.33,-80000,0.00,0,0,0,0
23-03-2022 00:00:00,65625.00,0.00,0.00,0.00,0,0.00,0,0,0,0
24-03-2022 00:00:00,65625.00,0.00,0.00,0.00,0,0.00,0,0,0,0
25-03-2022 00:00:00,65625.00,0.00,0.00,0.00,0,0.00,0,0,0,0
28-03-2022 00:00:00,65625.00,0.00,0.00,0.00,0,0.00,0,0,0,0
29-03-2022 00:00:00,65625.00,0.00,0.00,0.00,0,0.00,0,0,0,0
30-03-2022 00:00:00,65625.00,0.00,0.00,0.00,0,0.00,0,0,0,0
31-03-2022 00:00:00,65625.00,0.00,0.00,0.00,0,0.00,0,0,0,0
01-04-2022 00:00:00,66026.25,393.79,3.84,3.62,66000,66000.00,-22391.25,0,0.00,0
04-04-2022 00:00:00,68988.75,2926.70,19.34,16.47,146000,212000.00,-78941.25,0,0.13,0
05-04-2022 00:00:00,68175.00,-813.75,0.00,0.00,0,212000.00,-78423.75,0,0.07,0
06-04-2022 00:00:00,66926.25,-1270.50,9.65,12.09,-212000,0.00,0,0,0,0
07-04-2022 00:00:00,66926.25,0.00,0.00,0.00,0,0.00,0,0,0,0
08-04-2022 00:00:00,67691.25,757.57,3.89,3.54,66000,66000.00,-22537.50,0,0.00,0
11-04-2022 00:00:00,67267.50,-424.68,0.56,0.37,0,66000.00,-21765.00,0,0.48,0
12-04-2022 00:00:00,65782.50,-1501.61,8.09,8.52,0,66000.00,0,-21018.75,0,0.23
13-04-2022 00:00:00,66360.00,577.50,0.00,0.00,0,66000.00,0,-21611.25,0,0.05
18-04-2022 00:00:00,66971.25,601.34,5.09,4.82,66000,132000.00,0,-43916.25,0,1.48
19-04-2022 00:00:00,67998.75,1025.70,1.08,0.72,0,132000.00,0,-43372.50,0,1.38
20-04-2022 00:00:00,67796.25,-205.85,1.52,1.83,-132000,0.00,0,0,0,0
21-04-2022 00:00:00,67796.25,0.00,0.00,0.00,0,0.00,0,0,0,0
22-04-2022 00:00:00,67961.25,156.49,4.47,4.04,66000,66000.00,0,-21765.00,0,0.00
25-04-2022 00:00:00,70920.00,2951.97,4.07,2.71,0,66000.00,0,-22038.75,0,4.13
26-04-2022 00:00:00,70593.75,-328.34,0.85,1.24,-66000,0.00,0,0,0,0
27-04-2022 00:00:00,70593.75,0.00,0.00,0.00,0,0.00,0,0,0,0
28-04-2022 00:00:00,70593.75,0.00,0.00,0.00,0,0.00,0,0,0,0
29-04-2022 00:00:00,70593.75,0.00,0.00,0.00,0,0.00,0,0,0,0
02-05-2022 00:00:00,70593.75,0.00,0.00,0.00,0,0.00,0,0,0,0
04-05-2022 00:00:00,71700.00,1089.74,8.33,8.18,66000,66000.00,0,-22863.75,0,1.38
05-05-2022 00:00:00,69783.75,-1921.79,2.49,3.05,-66000,0.00,0,0,0,0
06-05-2022 00:00:00,69795.00,1.06,5.42,4.77,66000,66000.00,0,-21112.50,0,0.04
09-05-2022 00:00:00,68947.50,-871.94,11.68,12.76,-66000,0.00,0,0,0,0
10-05-2022 00:00:00,69082.50,127.46,3.86,3.69,66000,66000.00,0,-21633.75,0,4.73
11-05-2022 00:00:00,69172.50,85.00,2.48,2.53,-66000,0.00,0,0,0,0
12-05-2022 00:00:00,70196.25,1011.48,6.19,6.08,66000,66000.00,0,-22773.75,0,1.80
13-05-2022 00:00:00,68396.25,-1811.73,5.64,6.09,-7000,59000.00,0,-14775.00,0,0.48
16-05-2022 00:00:00,67473.75,-930.30,3.64,4.16,-59000,0.00,0,0,0,0
17-05-2022 00:00:00,67473.75,0.00,0.00,0.00,0,0.00,0,0,0,0
18-05-2022 00:00:00,67473.75,0.00,0.00,0.00,0,0.00,0,0,0,0
19-05-2022 00:00:00,67961.25,477.69,4.94,4.87,66000,66000.00,0,-22481.25,0,1.96
20-05-2022 00:00:00,65336.25,-2634.04,3.95,5.09,-66000,0.00,0,0,0,0
23-05-2022 00:00:00,65336.25,0.00,0.00,0.00,0,0.00,0,0,0,0
24-05-2022 00:00:00,65336.25,0.00,0.00,0.00,0,0.00,0,0,0,0
25-05-2022 00:00:00,65336.25,0.00,0.00,0.00,0,0.00,0,0,0,0
26-05-2022 00:00:00,65336.25,0.00,0.00,0.00,0,0.00,0,0,0,0
27-05-2022 00:00:00,65336.25,0.00,0.00,0.00,0,0.00,0,0,0,0
30-05-2022 00:00:00,65336.25,0.00,0.00,0.00,0,0.00,0,0,0,0
31-05-2022 00:00:00,65336.25,0.00,0.00,0.00,0,0.00,0,0,0,0
01-06-2022 00:00:00,65336.25,0.00,0.00,0.00,0,0.00,0,0,0,0
02-06-2022 00:00:00,65336.25,0.00,0.00,0.00,0,0.00,0,0,0,0
03-06-2022 00:00:00,65336.25,0.00,0.00,0.00,0,0.00,0,0,0,0
06-06-2022 00:00:00,65336.25,0.00,0.00,0.00,0,0.00,0,0,0,0
07-06-2022 00:00:00,65336.25,0.00,0.00,0.00,0,0.00,0,0,0,0
08-06-2022 00:00:00,65336.25,0.00,0.00,0.00,0,0.00,0,0,0,0
09-06-2022 00:00:00,65336.25,0.00,0.00,0.00,0,0.00,0,0,0,0
10-06-2022 00:00:00,65336.25,0.00,0.00,0.00,0,0.00,0,0,0,0
13-06-2022 00:00:00,66101.25,753.61,5.97,5.43,66000,66000.00,0,-21592.50,0,7.04
14-06-2022 00:00:00,65857.50,-245.59,1.10,0.74,0,66000.00,0,-20647.50,0,3.38
15-06-2022 00:00:00,64882.50,-992.01,8.73,8.29,66000,132000.00,0,-40833.75,0,2.00
16-06-2022 00:00:00,67736.25,2853.75,0.00,0.00,0,132000.00,0,-39982.50,0,1.14
17-06-2022 00:00:00,67845.00,108.75,0.00,0.00,0,132000.00,0,-40713.75,0,0.17
20-06-2022 00:00:00,67987.50,142.50,0.00,0.00,0,132000.00,0,-43901.25,0,7.65
21-06-2022 00:00:00,67998.75,10.45,0.39,0.41,-132000,0.00,0,0,0,0
22-06-2022 00:00:00,67998.75,0.00,0.00,0.00,0,0.00,0,0,0,0
23-06-2022 00:00:00,67998.75,0.00,0.00,0.00,0,0.00,0,0,0,0
24-06-2022 00:00:00,67998.75,0.00,0.00,0.00,0,0.00,0,0,0,0
27-06-2022 00:00:00,67998.75,0.00,0.00,0.00,0,0.00,0,0,0,0
28-06-2022 00:00:00,67998.75,0.00,0.00,0.00,0,0.00,0,0,0,0
29-06-2022 00:00:00,67998.75,0.00,0.00,0.00,0,0.00,0,0,0,0
30-06-2022 00:00:00,67998.75,0.00,0.00,0.00,0,0.00,0,0,0,0
01-07-2022 00:00:00,67998.75,0.00,0.00,0.00,0,0.00,0,0,0,0
04-07-2022 00:00:00,67998.75,0.00,0.00,0.00,0,0.00,0,0,0,0
05-07-2022 00:00:00,67998.75,0.00,0.00,0.00,0,0.00,0,0,0,0
06-07-2022 00:00:00,67998.75,0.00,0.00,0.00,0,0.00,0,0,0,0
07-07-2022 00:00:00,67998.75,0.00,0.00,0.00,0,0.00,0,0,0,0
08-07-2022 00:00:00,68208.75,200.32,5.22,4.46,66000,66000.00,-21153.75,0,0.00,0
11-07-2022 00:00:00,68685.00,476.25,0.00,0.00,0,66000.00,-21667.50,0,0.76,0
12-07-2022 00:00:00,67980.00,-708.07,1.15,1.92,-66000,0.00,0,0,0,0
13-07-2022 00:00:00,67980.00,0.00,0.00,0.00,0,0.00,0,0,0,0
14-07-2022 00:00:00,67980.00,0.00,0.00,0.00,0,0.00,0,0,0,0
15-07-2022 00:00:00,67980.00,0.00,0.00,0.00,0,0.00,0,0,0,0
18-07-2022 00:00:00,68328.75,339.65,4.59,4.51,66000,66000.00,-22293.75,0,0.19,0
19-07-2022 00:00:00,68156.25,-174.90,1.44,0.96,0,66000.00,-21292.50,0,0.08,0
20-07-2022 00:00:00,67496.25,-675.54,7.91,7.63,66000,132000.00,-42375.00,0,0.01,0
21-07-2022 00:00:00,67886.25,390.00,0.00,0.00,0,132000.00,-42637.50,0,0.00,0
22-07-2022 00:00:00,69183.75,1297.50,0.00,0.00,0,132000.00,-43792.50,0,0.00,0
25-07-2022 00:00:00,69367.50,183.75,0.00,0.00,0,132000.00,-44655.00,0,0.34,0
26-07-2022 00:00:00,69337.50,-31.49,0.66,0.83,-132000,0.00,0,0,0,0
27-07-2022 00:00:00,69337.50,0.00,0.00,0.00,0,0.00,0,0,0,0
28-07-2022 00:00:00,73462.50,4090.70,17.53,16.77,132000,132000.00,-45731.25,0,0.00,0
29-07-2022 00:00:00,79470.00,5996.71,6.47,4.32,0,132000.00,-47381.25,0,0.00,0
01-08-2022 00:00:00,81157.50,1667.06,11.27,9.17,66000,198000.00,-67143.75,0,0.28,0
02-08-2022 00:00:00,80542.50,-615.00,0.00,0.00,0,198000.00,-66671.25,0,0.33,0
03-08-2022 00:00:00,82492.50,1950.00,0.00,0.00,0,198000.00,-68643.75,0,0.07,0
04-08-2022 00:00:00,80141.25,-2362.73,5.19,6.29,-198000,0.00,-1278.75,0,0.04,0
05-08-2022 00:00:00,79586.25,-556.93,1.16,0.77,0,0.00,0,0,0,0
08-08-2022 00:00:00,79586.25,0.00,0.00,0.00,0,0.00,0,0,0,0
10-08-2022 00:00:00,79586.25,0.00,0.00,0.00,0,0.00,0,0,0,0
11-08-2022 00:00:00,79361.25,-236.03,5.69,5.34,66000,66000.00,-21513.75,0,0.01,0
12-08-2022 00:00:00,80002.50,641.25,0.00,0.00,0,66000.00,-22181.25,0,0.00,0
16-08-2022 00:00:00,80767.50,757.67,3.79,3.54,73000,139000.00,-52035.00,0,0.10,0
17-08-2022 00:00:00,81393.75,626.25,0.00,0.00,0,139000.00,-52627.50,0,0.03,0
18-08-2022 00:00:00,81566.25,172.50,0.00,0.00,-66000,73000.00,-30442.50,0,0.00,0
19-08-2022 00:00:00,79068.75,-2519.70,10.67,11.53,-73000,0.00,0,0,0,0
22-08-2022 00:00:00,79068.75,0.00,0.00,0.00,0,0.00,0,0,0,0
23-08-2022 00:00:00,78367.50,-712.21,5.75,5.21,66000,66000.00,0,-20587.50,0,0.46
24-08-2022 00:00:00,78761.25,393.75,0.00,0.00,0,66000.00,0,-21015.00,0,0.08
25-08-2022 00:00:00,78705.00,-60.29,1.66,2.38,-66000,0.00,0,0,0,0
26-08-2022 00:00:00,78705.00,0.00,0.00,0.00,0,0.00,0,0,0,0
29-08-2022 00:00:00,78648.75,-64.12,4.01,3.86,66000,66000.00,0,-21840.00,0,1.49
30-08-2022 00:00:00,78337.50,-327.34,7.70,8.39,0,66000.00,-22830.00,0,0.29,0
01-09-2022 00:00:00,76282.50,-2063.72,4.03,4.69,-66000,0.00,0,0,0,0
02-09-2022 00:00:00,76282.50,0.00,0.00,0.00,0,0.00,0,0,0,0
05-09-2022 00:00:00,76282.50,0.00,0.00,0.00,0,0.00,0,0,0,0
06-09-2022 00:00:00,76282.50,0.00,0.00,0.00,0,0.00,0,0,0,0
07-09-2022 00:00:00,76282.50,0.00,0.00,0.00,0,0.00,0,0,0,0
08-09-2022 00:00:00,76282.50,0.00,0.00,0.00,0,0.00,0,0,0,0
09-09-2022 00:00:00,76282.50,0.00,0.00,0.00,0,0.00,0,0,0,0
12-09-2022 00:00:00,76282.50,0.00,0.00,0.00,0,0.00,0,0,0,0
13-09-2022 00:00:00,76563.75,271.08,5.29,4.88,66000,66000.00,-21720.00,0,0.08,0
14-09-2022 00:00:00,75262.50,-1302.35,0.66,0.44,0,66000.00,-20118.75,0,0.07,0
15-09-2022 00:00:00,74625.00,-649.85,5.45,6.90,-66000,0.00,0,0,0,0
16-09-2022 00:00:00,76920.00,2285.54,4.86,4.60,59000,59000.00,0,-16691.25,0,0.01
19-09-2022 00:00:00,77647.50,715.59,6.58,5.33,-59000,0.00,0,0,0,0
20-09-2022 00:00:00,77647.50,0.00,0.00,0.00,0,0.00,0,0,0,0
21-09-2022 00:00:00,77647.50,0.00,0.00,0.00,0,0.00,0,0,0,0
22-09-2022 00:00:00,77647.50,0.00,0.00,0.00,0,0.00,0,0,0,0
23-09-2022 00:00:00,77647.50,0.00,0.00,0.00,0,0.00,0,0,0,0
26-09-2022 00:00:00,77876.25,214.24,7.72,6.78,73000,73000.00,0,-27093.75,0,6.54
27-09-2022 00:00:00,78243.75,367.50,0.00,0.00,0,73000.00,0,-27735.00,0,2.80
28-09-2022 00:00:00,79203.75,960.00,0.00,0.00,0,73000.00,0,-27322.50,0,1.97
29-09-2022 00:00:00,79477.50,273.75,0.00,0.00,0,73000.00,-86.25,-28293.75,2264.10,0.20
30-09-2022 00:00:00,79447.50,-30.64,0.30,0.34,-73000,0.00,0,0,0,0
03-10-2022 00:00:00,79447.50,0.00,0.00,0.00,0,0.00,0,0,0,0
04-10-2022 00:00:00,79447.50,0.00,0.00,0.00,0,0.00,0,0,0,0
06-10-2022 00:00:00,79447.50,0.00,0.00,0.00,0,0.00,0,0,0,0
07-10-2022 00:00:00,79447.50,0.00,0.00,0.00,0,0.00,0,0,0,0
10-10-2022 00:00:00,79447.50,0.00,0.00,0.00,0,0.00,0,0,0,0
11-10-2022 00:00:00,79447.50,0.00,0.00,0.00,0,0.00,0,0,0,0
12-10-2022 00:00:00,79447.50,0.00,0.00,0.00,0,0.00,0,0,0,0
13-10-2022 00:00:00,79447.50,0.00,0.00,0.00,0,0.00,0,0,0,0
14-10-2022 00:00:00,78461.25,-999.37,6.31,6.81,0,0.00,0,0,0,0
17-10-2022 00:00:00,78461.25,0.00,0.00,0.00,0,0.00,0,0,0,0
18-10-2022 00:00:00,78461.25,0.00,0.00,0.00,0,0.00,0,0,0,0
19-10-2022 00:00:00,78461.25,0.00,0.00,0.00,0,0.00,0,0,0,0
20-10-2022 00:00:00,78461.25,0.00,0.00,0.00,0,0.00,0,0,0,0
21-10-2022 00:00:00,78461.25,0.00,0.00,0.00,0,0.00,0,0,0,0
25-10-2022 00:00:00,78461.25,0.00,0.00,0.00,0,0.00,0,0,0,0
27-10-2022 00:00:00,78461.25,0.00,0.00,0.00,0,0.00,0,0,0,0
28-10-2022 00:00:00,78577.50,110.07,3.17,3.00,59000,59000.00,-14748.75,0,0.00,0
31-10-2022 00:00:00,80977.50,2400.00,0.00,0.00,0,59000.00,-17171.25,0,0.04,0
01-11-2022 00:00:00,82905.00,1909.79,9.90,7.80,66000,125000.00,-37222.50,0,0.01,0
02-11-2022 00:00:00,82181.25,-723.75,0.00,0.00,0,125000.00,-36555.00,0,0.01,0
03-11-2022 00:00:00,82485.00,302.42,0.80,0.53,-59000,66000.00,-21420.00,0,0.00,0
04-11-2022 00:00:00,83538.75,1047.43,3.25,3.07,66000,132000.00,-44606.25,0,0.00,0
07-11-2022 00:00:00,84933.75,1385.36,5.02,4.62,66000,198000.00,-67488.75,0,0.03,0
09-11-2022 00:00:00,84431.25,-504.75,1.35,0.90,0,198000.00,-66273.75,0,0.00,0
10-11-2022 00:00:00,84322.50,-112.95,1.78,2.42,-198000,0.00,0,0,0,0
11-11-2022 00:00:00,84930.00,601.12,3.28,3.10,59000,59000.00,-15217.50,0,0.00,0
14-11-2022 00:00:00,84408.75,-534.26,6.94,6.07,66000,125000.00,-35426.25,0,0.01,0
15-11-2022 00:00:00,85451.25,1042.50,0.00,0.00,0,125000.00,-36472.50,0,0.00,0
16-11-2022 00:00:00,85398.75,-52.50,0.00,0.00,0,125000.00,-36435.00,0,0.00,0
17-11-2022 00:00:00,85391.25,-7.50,0.00,0.00,-59000,66000.00,-21450.00,0,0.00,0
18-11-2022 00:00:00,85983.75,592.50,0.00,0.00,0,66000.00,-22057.50,0,0.00,0
21-11-2022 00:00:00,85803.75,-181.61,0.65,0.96,-66000,0.00,0,0,0,0
22-11-2022 00:00:00,85530.00,-282.78,4.80,4.23,59000,59000.00,0,-13571.25,0,0.00
23-11-2022 00:00:00,84780.00,-763.14,6.66,6.48,59000,118000.00,-12457.50,-12461.25,0.00,0.00
24-11-2022 00:00:00,87401.25,2596.23,12.53,12.49,7000,125000.00,-37458.75,0,0.00,0
25-11-2022 00:00:00,87255.00,-157.15,5.62,5.28,59000,184000.00,-51675.00,0,0.00,0
28-11-2022 00:00:00,87682.50,425.01,1.21,1.29,0,184000.00,-52196.25,0,0.00,0
29-11-2022 00:00:00,88305.00,622.50,0.00,0.00,0,184000.00,-52841.25,0,0.00,0
30-11-2022 00:00:00,89411.25,1106.25,0.00,0.00,0,184000.00,-53966.25,0,0.00,0
01-12-2022 00:00:00,90780.00,1361.54,4.33,2.88,-184000,0.00,0,0,0,0
02-12-2022 00:00:00,90780.00,0.00,0.00,0.00,0,0.00,0,0,0,0
05-12-2022 00:00:00,90780.00,0.00,0.00,0.00,0,0.00,0,0,0,0
06-12-2022 00:00:00,90780.00,0.00,0.00,0.00,0,0.00,0,0,0,0
07-12-2022 00:00:00,90780.00,0.00,0.00,0.00,0,0.00,0,0,0,0
08-12-2022 00:00:00,90780.00,0.00,0.00,0.00,0,0.00,0,0,0,0
09-12-2022 00:00:00,88931.25,-1870.63,10.48,11.40,0,0.00,0,0,0,0
12-12-2022 00:00:00,88931.25,0.00,0.00,0.00,0,0.00,0,0,0,0
13-12-2022 00:00:00,88931.25,0.00,0.00,0.00,0,0.00,0,0,0,0
14-12-2022 00:00:00,87273.75,-1672.70,7.67,7.53,66000,66000.00,-20561.25,0,0.00,0
15-12-2022 00:00:00,86805.00,-488.18,9.38,10.06,-7000,59000.00,0,-13957.50,0,0.00
16-12-2022 00:00:00,85957.50,-866.06,8.92,9.65,0,59000.00,0,-14572.50,0,0.00
19-12-2022 00:00:00,85818.75,-138.75,0.00,0.00,0,59000.00,0,-14445.00,0,0.00
20-12-2022 00:00:00,85335.00,-493.73,5.30,4.69,66000,125000.00,0,-35216.25,0,0.00
21-12-2022 00:00:00,89921.25,4527.63,30.10,28.52,94000,219000.00,0,-88863.75,0,0.00
22-12-2022 00:00:00,91522.50,1597.42,2.30,1.53,0,219000.00,0,-88946.25,0,0.00
23-12-2022 00:00:00,92096.25,573.75,0.00,0.00,0,219000.00,0,-88773.75,0,0.00
26-12-2022 00:00:00,92088.75,-9.38,0.89,0.99,-219000,0.00,0,0,0,0
27-12-2022 00:00:00,92088.75,0.00,0.00,0.00,0,0.00,0,0,0,0
28-12-2022 00:00:00,92088.75,0.00,0.00,0.00,0,0.00,0,0,0,0
29-12-2022 00:00:00,92088.75,0.00,0.00,0.00,0,0.00,0,0,0,0
30-12-2022 00:00:00,92088.75,0.00,0.00,0.00,0,0.00,0,0,0,0
02-01-2023 00:00:00,92088.75,0.00,0.00,0.00,0,0.00,0,0,0,0
03-01-2023 00:00:00,92088.75,0.00,0.00,0.00,0,0.00,0,0,0,0
04-01-2023 00:00:00,92088.75,0.00,0.00,0.00,0,0.00,0,0,0,0
05-01-2023 00:00:00,92392.50,291.57,6.36,5.83,59000,59000.00,0,-14231.25,0,0.00
06-01-2023 00:00:00,92947.50,555.00,0.00,0.00,0,59000.00,0,-14786.25,0,0.00
09-01-2023 00:00:00,92730.00,-219.10,0.70,0.90,-59000,0.00,0,0,0,0
10-01-2023 00:00:00,92730.00,0.00,0.00,0.00,0,0.00,0,0,0,0
11-01-2023 00:00:00,92730.00,0.00,0.00,0.00,0,0.00,0,0,0,0
12-01-2023 00:00:00,92730.00,0.00,0.00,0.00,0,0.00,0,0,0,0
13-01-2023 00:00:00,92730.00,0.00,0.00,0.00,0,0.00,0,0,0,0
16-01-2023 00:00:00,92730.00,0.00,0.00,0.00,0,0.00,0,0,0,0
17-01-2023 00:00:00,92730.00,0.00,0.00,0.00,0,0.00,0,0,0,0
18-01-2023 00:00:00,92730.00,0.00,0.00,0.00,0,0.00,0,0,0,0
19-01-2023 00:00:00,92730.00,0.00,0.00,0.00,0,0.00,0,0,0,0
20-01-2023 00:00:00,92730.00,0.00,0.00,0.00,0,0.00,0,0,0,0
23-01-2023 00:00:00,92576.25,-164.35,5.67,4.93,66000,66000.00,-20823.75,0,0.00,0
24-01-2023 00:00:00,92775.00,198.75,0.00,0.00,0,66000.00,-21033.75,0,0.00,0
25-01-2023 00:00:00,98943.75,6122.33,24.68,21.74,0,66000.00,0,-21300.00,0,0.00
27-01-2023 00:00:00,103035.00,4071.36,11.12,8.77,66000,132000.00,0,-43042.50,0,0.00
30-01-2023 00:00:00,102611.25,-431.91,3.54,4.63,-132000,0.00,0,0,0,0
31-01-2023 00:00:00,102611.25,0.00,0.00,0.00,0,0.00,0,0,0,0
01-02-2023 00:00:00,105885.00,3235.15,20.12,18.48,0,0.00,0,0,0,0
02-02-2023 00:00:00,105885.00,0.00,0.00,0.00,0,0.00,0,0,0,0
03-02-2023 00:00:00,105911.25,17.05,4.78,4.42,66000,66000.00,-21791.25,0,0.00,0
06-02-2023 00:00:00,105543.75,-369.08,0.95,0.63,0,66000.00,-20816.25,0,0.01,0
07-02-2023 00:00:00,106200.00,656.25,0.00,0.00,0,66000.00,-21472.50,0,0.00,0
08-02-2023 00:00:00,107088.75,888.75,0.00,0.00,0,66000.00,-22361.25,0,0.00,0
09-02-2023 00:00:00,107227.50,138.75,0.00,0.00,-66000,0.00,0,0,0,0
10-02-2023 00:00:00,107227.50,0.00,0.00,0.00,0,0.00,0,0,0,0
13-02-2023 00:00:00,107227.50,0.00,0.00,0.00,0,0.00,0,0,0,0
14-02-2023 00:00:00,107486.25,249.86,4.52,4.37,66000,66000.00,-22372.50,0,0.00,0
15-02-2023 00:00:00,107936.25,447.74,1.36,0.90,0,66000.00,-21990.00,0,0.00,0
16-02-2023 00:00:00,106837.50,-1113.80,7.24,7.81,0,66000.00,-22035.00,0,0.00,0
17-02-2023 00:00:00,106680.00,-160.04,1.12,1.42,-66000,0.00,0,0,0,0
20-02-2023 00:00:00,106680.00,0.00,0.00,0.00,0,0.00,0,0,0,0
21-02-2023 00:00:00,106680.00,0.00,0.00,0.00,0,0.00,0,0,0,0
22-02-2023 00:00:00,111030.00,4315.06,18.37,16.57,132000,132000.00,0,-45592.50,0,0.00
23-02-2023 00:00:00,111727.50,668.81,14.87,13.82,0,132000.00,0,-44253.75,0,0.00
24-02-2023 00:00:00,112095.00,367.50,0.00,0.00,0,132000.00,0,-44651.25,0,0.00
27-02-2023 00:00:00,112271.25,176.25,0.00,0.00,0,132000.00,0,-44880.00,0,0.00
28-02-2023 00:00:00,112335.00,63.75,0.00,0.00,0,132000.00,0,-44951.25,0,0.00
01-03-2023 00:00:00,112346.25,11.25,0.00,0.00,0,132000.00,0,-44966.25,0,0.00
02-03-2023 00:00:00,112380.00,33.75,0.00,0.00,-132000,0.00,0,0,0,0
03-03-2023 00:00:00,112380.00,0.00,0.00,0.00,0,0.00,0,0,0,0
06-03-2023 00:00:00,111997.50,-391.97,4.99,4.48,66000,66000.00,-21082.50,0,0.00,0
08-03-2023 00:00:00,111011.25,-994.63,3.59,4.79,-66000,0.00,0,0,0,0
09-03-2023 00:00:00,111011.25,0.00,0.00,0.00,0,0.00,0,0,0,0
10-03-2023 00:00:00,109785.00,-1241.90,7.52,8.13,0,0.00,0,0,0,0
13-03-2023 00:00:00,110595.00,801.64,4.24,4.11,66000,66000.00,0,-22905.00,0,0.06
14-03-2023 00:00:00,110670.00,65.84,4.79,4.37,66000,132000.00,0,-44437.50,0,0.02
15-03-2023 00:00:00,111033.75,361.81,1.16,0.78,0,132000.00,0,-43972.50,0,0.01
16-03-2023 00:00:00,111168.75,135.00,0.00,0.00,0,132000.00,0,-44272.50,0,0.00
17-03-2023 00:00:00,110958.75,-212.48,1.06,1.42,-132000,0.00,0,0,0,0
20-03-2023 00:00:00,110958.75,0.00,0.00,0.00,0,0.00,0,0,0,0
21-03-2023 00:00:00,110958.75,0.00,0.00,0.00,0,0.00,0,0,0,0
22-03-2023 00:00:00,110958.75,0.00,0.00,0.00,0,0.00,0,0,0,0
23-03-2023 00:00:00,110958.75,0.00,0.00,0.00,0,0.00,0,0,0,0
24-03-2023 00:00:00,112113.75,1146.12,4.61,4.27,59000,59000.00,0,-15461.25,0,0.00
27-03-2023 00:00:00,111592.50,-523.64,1.43,0.96,0,59000.00,0,-13998.75,0,0.06
28-03-2023 00:00:00,112428.75,836.25,0.00,0.00,0,59000.00,0,-14835.00,0,0.00
29-03-2023 00:00:00,112593.75,165.00,0.00,0.00,-59000,0.00,0,0,0,0
31-03-2023 00:00:00,113058.75,456.48,4.58,3.94,66000,66000.00,-21678.75,0,0.00,0
03-04-2023 00:00:00,114063.75,994.29,5.60,5.11,66000,132000.00,-44163.75,0,0.00,0
05-04-2023 00:00:00,116955.00,2882.61,4.15,4.49,66000,198000.00,-70185.00,0,0.00,0
06-04-2023 00:00:00,118020.00,1058.46,3.93,2.62,-66000,132000.00,-46188.75,0,0.00,0
10-04-2023 00:00:00,117678.75,-352.37,6.09,5.03,66000,198000.00,-66266.25,0,0.00,0
11-04-2023 00:00:00,118331.25,652.50,0.00,0.00,0,198000.00,-66918.75,0,0.00,0
12-04-2023 00:00:00,118413.75,82.50,0.00,0.00,0,198000.00,-67001.25,0,0.00,0
13-04-2023 00:00:00,118691.25,277.50,0.00,0.00,-132000,66000.00,-22286.25,0,0.00,0
17-04-2023 00:00:00,118301.25,-391.79,0.75,1.04,-66000,0.00,0,0,0,0
18-04-2023 00:00:00,117866.25,-445.37,5.46,4.91,66000,66000.00,-20955.00,0,0.00,0
19-04-2023 00:00:00,117588.75,-277.50,0.00,0.00,0,66000.00,-20681.25,0,0.00,0
20-04-2023 00:00:00,118005.00,416.25,0.00,0.00,0,66000.00,-21101.25,0,0.00,0
21-04-2023 00:00:00,118541.25,536.25,0.00,0.00,0,66000.00,-21641.25,0,0.00,0
24-04-2023 00:00:00,119460.00,912.13,3.33,3.29,66000,132000.00,-44891.25,0,0.00,0
25-04-2023 00:00:00,119557.50,97.50,0.00,0.00,0,132000.00,-45030.00,0,0.00,0
26-04-2023 00:00:00,119790.00,230.46,1.23,0.82,0,132000.00,-44486.25,0,0.00,0
27-04-2023 00:00:00,120483.75,686.27,3.52,3.96,-7000,125000.00,-37061.25,0,0.00,0
28-04-2023 00:00:00,121935.00,1444.74,3.21,3.29,66000,191000.00,-61170.00,0,0.00,0
02-05-2023 00:00:00,127162.50,5209.10,10.74,7.66,0,191000.00,-60217.50,0,0.00,0
03-05-2023 00:00:00,127031.25,-132.35,0.66,0.44,0,191000.00,-59685.00,0,0.00,0
04-05-2023 00:00:00,127346.25,315.00,0.00,0.00,-191000,0.00,0,0,0,0
05-05-2023 00:00:00,127346.25,0.00,0.00,0.00,0,0.00,0,0,0,0
08-05-2023 00:00:00,127346.25,0.00,0.00,0.00,0,0.00,0,0,0,0
09-05-2023 00:00:00,127346.25,0.00,0.00,0.00,0,0.00,0,0,0,0
10-05-2023 00:00:00,127346.25,0.00,0.00,0.00,0,0.00,0,0,0,0
11-05-2023 00:00:00,127346.25,0.00,0.00,0.00,0,0.00,0,0,0,0
12-05-2023 00:00:00,127346.25,0.00,0.00,0.00,0,0.00,0,0,0,0
15-05-2023 00:00:00,127545.00,191.89,3.49,3.36,66000,66000.00,-22305.00,0,0.00,0
16-05-2023 00:00:00,127200.00,-346.43,0.86,0.57,0,66000.00,-21498.75,0,0.00,0
17-05-2023 00:00:00,127038.75,-165.44,1.81,2.38,-66000,0.00,0,0,0,0
18-05-2023 00:00:00,127038.75,0.00,0.00,0.00,0,0.00,0,0,0,0
19-05-2023 00:00:00,127038.75,0.00,0.00,0.00,0,0.00,0,0,0,0
22-05-2023 00:00:00,126933.75,-114.41,4.93,4.48,66000,66000.00,-21457.50,0,0.00,0
23-05-2023 00:00:00,127188.75,255.00,0.00,0.00,0,66000.00,-21720.00,0,0.00,0
24-05-2023 00:00:00,127113.75,-75.00,0.00,0.00,0,66000.00,-21652.50,0,0.00,0
25-05-2023 00:00:00,127650.00,536.25,0.00,0.00,0,66000.00,-22196.25,0,0.00,0
26-05-2023 00:00:00,127725.00,66.69,4.54,3.77,66000,132000.00,-43222.50,0,0.00,0
29-05-2023 00:00:00,128516.25,782.33,4.70,4.22,66000,198000.00,-65523.75,0,0.00,0
30-05-2023 00:00:00,129300.00,781.26,1.21,1.28,0,198000.00,-66457.50,0,0.00,0
31-05-2023 00:00:00,129105.00,-195.00,0.00,0.00,0,198000.00,-66270.00,0,0.00,0
01-06-2023 00:00:00,129138.75,33.75,0.00,0.00,-132000,66000.00,-21307.50,0,0.00,0
02-06-2023 00:00:00,129922.50,783.75,0.00,0.00,0,66000.00,-22095.00,0,0.00,0
05-06-2023 00:00:00,130188.75,266.25,0.00,0.00,0,66000.00,-22361.25,0,0.00,0
06-06-2023 00:00:00,130290.00,101.25,0.00,0.00,0,66000.00,-22462.50,0,0.00,0
07-06-2023 00:00:00,130278.75,-11.25,0.00,0.00,0,66000.00,-22451.25,0,2.49,0
08-06-2023 00:00:00,130327.50,48.75,0.00,0.00,-66000,0.00,0,0,0,0
09-06-2023 00:00:00,130327.50,0.00,0.00,0.00,0,0.00,0,0,0,0
12-06-2023 00:00:00,130327.50,0.00,0.00,0.00,0,0.00,0,0,0,0
13-06-2023 00:00:00,130503.75,169.75,3.40,3.11,66000,66000.00,-22068.75,0,0.00,0
14-06-2023 00:00:00,130248.75,-265.92,5.27,5.65,66000,132000.00,-45078.75,0,0.00,0
15-06-2023 00:00:00,127586.25,-2679.44,9.16,7.78,66000,198000.00,-62163.75,0,0.00,0
16-06-2023 00:00:00,131550.00,3963.75,0.00,0.00,0,198000.00,-66138.75,0,0.00,0
19-06-2023 00:00:00,131835.00,285.00,0.00,0.00,0,198000.00,-66423.75,0,0.00,0
20-06-2023 00:00:00,132480.00,645.00,0.00,0.00,0,198000.00,-67068.75,0,0.00,0
21-06-2023 00:00:00,132798.75,318.75,0.00,0.00,0,198000.00,-67387.50,0,0.00,0
22-06-2023 00:00:00,132911.25,112.50,0.00,0.00,-198000,0.00,0,0,0,0
23-06-2023 00:00:00,133027.50,107.74,4.53,3.98,59000,59000.00,0,-14013.75,0,0.00
26-06-2023 00:00:00,133466.25,438.75,0.00,0.00,0,59000.00,0,-14460.00,0,0.00
27-06-2023 00:00:00,135382.50,1906.70,4.22,5.34,66000,125000.00,-26077.50,0,0.00,0
28-06-2023 00:00:00,139567.50,4156.31,16.37,12.33,-59000,66000.00,-22207.50,0,0.00,0
30-06-2023 00:00:00,141390.00,1809.22,6.99,6.29,132000,198000.00,-67620.00,0,0.00,0
03-07-2023 00:00:00,145706.25,4302.00,8.20,6.06,0,198000.00,-67605.00,0,0.00,0
04-07-2023 00:00:00,146358.75,652.50,0.00,0.00,0,198000.00,-68280.00,0,0.00,0
05-07-2023 00:00:00,146512.50,153.75,0.00,0.00,0,198000.00,-68452.50,0,0.00,0
06-07-2023 00:00:00,146580.00,67.50,0.00,0.00,-198000,0.00,-1031.25,0,0.00,0
07-07-2023 00:00:00,145020.00,-1574.87,7.31,7.56,0,0.00,0,0,0,0
10-07-2023 00:00:00,145020.00,0.00,0.00,0.00,0,0.00,0,0,0,0
11-07-2023 00:00:00,145020.00,-7.40,3.91,3.49,66000,66000.00,-21648.75,0,0.00,0
12-07-2023 00:00:00,144795.00,-225.00,0.00,0.00,0,66000.00,-21427.50,0,0.00,0
13-07-2023 00:00:00,143970.00,-842.69,8.48,9.22,0,66000.00,-22091.25,0,0.00,0
14-07-2023 00:00:00,144131.25,161.25,0.00,0.00,0,66000.00,-22252.50,0,0.00,0
17-07-2023 00:00:00,144191.25,60.00,0.00,0.00,0,66000.00,-22312.50,0,0.00,0
18-07-2023 00:00:00,144251.25,50.42,5.03,4.56,80000,146000.00,-58908.75,0,0.00,0
19-07-2023 00:00:00,145357.50,1096.48,4.48,5.28,73000,219000.00,-91578.75,0,0.00,0
20-07-2023 00:00:00,146208.75,833.82,9.43,8.00,-66000,153000.00,-67095.00,0,0.00,0
21-07-2023 00:00:00,144701.25,-1514.77,3.17,4.10,-153000,0.00,0,0,0,0
24-07-2023 00:00:00,144701.25,0.00,0.00,0.00,0,0.00,0,0,0,0
25-07-2023 00:00:00,144701.25,0.00,0.00,0.00,0,0.00,0,0,0,0
26-07-2023 00:00:00,143306.25,-1411.24,8.21,8.02,66000,66000.00,-20718.75,0,0.00,0
27-07-2023 00:00:00,142346.25,-967.56,3.10,4.47,-66000,0.00,0,0,0,0
28-07-2023 00:00:00,142346.25,0.00,0.00,0.00,0,0.00,0,0,0,0
31-07-2023 00:00:00,142215.00,-138.93,3.89,3.80,66000,66000.00,-22151.25,0,0.00,0
01-08-2023 00:00:00,142335.00,117.67,1.40,0.93,0,66000.00,-21363.75,0,0.00,0
02-08-2023 00:00:00,141487.50,-872.44,12.28,12.66,66000,132000.00,0,-43683.75,0,0.00
03-08-2023 00:00:00,144911.25,3407.08,9.33,7.34,59000,191000.00,0,-58132.50,0,0.00
04-08-2023 00:00:00,143771.25,-1145.24,2.12,3.12,-59000,132000.00,0,-44055.00,0,0.00
07-08-2023 00:00:00,143610.00,-164.04,1.13,1.67,-132000,0.00,0,0,0,0
08-08-2023 00:00:00,143610.00,0.00,0.00,0.00,0,0.00,0,0,0,0
09-08-2023 00:00:00,142443.75,-1180.31,6.74,7.32,0,0.00,0,0,0,0
10-08-2023 00:00:00,142443.75,0.00,0.00,0.00,0,0.00,0,0,0,0
11-08-2023 00:00:00,142008.75,-438.85,1.82,2.03,0,0.00,0,0,0,0
14-08-2023 00:00:00,140857.50,-1164.75,6.46,7.04,0,0.00,0,0,0,0
16-08-2023 00:00:00,140857.50,0.00,0.00,0.00,0,0.00,0,0,0,0
17-08-2023 00:00:00,140857.50,0.00,0.00,0.00,0,0.00,0,0,0,0
18-08-2023 00:00:00,140857.50,0.00,0.00,0.00,0,0.00,0,0,0,0
21-08-2023 00:00:00,140857.50,0.00,0.00,0.00,0,0.00,0,0,0,0
22-08-2023 00:00:00,140857.50,0.00,0.00,0.00,0,0.00,0,0,0,0
23-08-2023 00:00:00,140857.50,0.00,0.00,0.00,0,0.00,0,0,0,0
24-08-2023 00:00:00,137370.00,-3529.06,19.91,21.65,0,0.00,0,0,0,0
25-08-2023 00:00:00,137535.00,152.87,6.54,5.59,59000,59000.00,0,-13245.00,0,0.00
28-08-2023 00:00:00,137010.00,-525.00,0.00,0.00,0,59000.00,0,-12727.50,0,0.00
29-08-2023 00:00:00,136972.50,-37.50,0.00,0.00,0,59000.00,0,-12690.00,0,10.11
30-08-2023 00:00:00,133575.00,-3417.97,9.49,10.98,7000,66000.00,-19777.50,0,0.00,0
31-08-2023 00:00:00,133428.75,-153.77,3.05,4.48,-66000,0.00,0,0,0,0
01-09-2023 00:00:00,133428.75,0.00,0.00,0.00,0,0.00,0,0,0,0
04-09-2023 00:00:00,134073.75,638.36,3.41,3.23,66000,66000.00,-22710.00,0,0.00,0
05-09-2023 00:00:00,134778.75,698.86,3.05,3.09,66000,132000.00,-45986.25,0,0.00,0
06-09-2023 00:00:00,134392.50,-389.69,2.06,1.38,0,132000.00,-44283.75,0,0.00,0
07-09-2023 00:00:00,134733.75,341.25,0.00,0.00,0,132000.00,-44625.00,0,0.00,0
08-09-2023 00:00:00,134583.75,-159.10,4.78,4.32,66000,198000.00,-66048.75,0,0.00,0
11-09-2023 00:00:00,135401.25,817.50,0.00,0.00,0,198000.00,-66870.00,0,0.00,0
12-09-2023 00:00:00,135693.75,292.50,0.00,0.00,0,198000.00,-67162.50,0,0.00,0
13-09-2023 00:00:00,135963.75,270.00,0.00,0.00,0,198000.00,-67432.50,0,0.00,0
14-09-2023 00:00:00,136031.25,67.50,0.00,0.00,-198000,0.00,0,0,0,0
15-09-2023 00:00:00,136455.00,407.23,8.87,7.65,132000,132000.00,-42963.75,0,0.00,0
18-09-2023 00:00:00,135866.25,-589.72,0.58,0.39,0,132000.00,-42000.00,0,0.00,0
20-09-2023 00:00:00,131906.25,-3974.16,5.34,8.82,-132000,0.00,0,0,0,0
21-09-2023 00:00:00,131883.75,-33.11,5.68,4.93,59000,59000.00,0,-13477.50,0,0.00
22-09-2023 00:00:00,132720.00,836.25,0.00,0.00,0,59000.00,0,-14317.50,0,0.00
25-09-2023 00:00:00,131628.75,-1108.81,8.41,9.15,0,59000.00,0,-14711.25,0,0.00
26-09-2023 00:00:00,131831.25,202.50,0.00,0.00,0,59000.00,0,-14913.75,0,0.00
27-09-2023 00:00:00,130518.75,-1329.62,8.22,8.90,0,59000.00,0,-14966.25,0,178.30
28-09-2023 00:00:00,130170.00,-357.82,4.67,4.40,0,59000.00,0,-14006.25,0,0.00
29-09-2023 00:00:00,128677.50,-1501.37,3.83,5.04,-59000,0.00,0,0,0,0
03-10-2023 00:00:00,128677.50,0.00,0.00,0.00,0,0.00,0,0,0,0
04-10-2023 00:00:00,128115.00,-572.76,5.39,4.86,59000,59000.00,0,-13357.50,0,0.00
05-10-2023 00:00:00,127466.25,-655.25,2.68,3.82,-59000,0.00,0,0,0,0
06-10-2023 00:00:00,127466.25,0.00,0.00,0.00,0,0.00,0,0,0,0
09-10-2023 00:00:00,127466.25,0.00,0.00,0.00,0,0.00,0,0,0,0
10-10-2023 00:00:00,127466.25,0.00,0.00,0.00,0,0.00,0,0,0,0
11-10-2023 00:00:00,127466.25,0.00,0.00,0.00,0,0.00,0,0,0,0
12-10-2023 00:00:00,127271.25,-204.37,4.94,4.43,66000,66000.00,-21273.75,0,0.00,0
13-10-2023 00:00:00,127106.25,-165.00,0.00,0.00,0,66000.00,-21108.75,0,0.00,0
16-10-2023 00:00:00,127410.00,303.75,0.00,0.00,0,66000.00,-21412.50,0,0.00,0
17-10-2023 00:00:00,128257.50,847.50,0.00,0.00,0,66000.00,-22260.00,0,0.00,0
18-10-2023 00:00:00,128242.50,-24.49,5.05,4.44,59000,125000.00,-21090.00,-13511.25,150.40,0.00
19-10-2023 00:00:00,126592.50,-1671.23,9.94,11.30,-66000,59000.00,0,-14580.00,0,0.00
20-10-2023 00:00:00,126873.75,281.25,0.00,0.00,0,59000.00,0,-14861.25,0,0.00
23-10-2023 00:00:00,127106.25,225.67,3.51,3.32,66000,125000.00,0,-37158.75,0,0.00
25-10-2023 00:00:00,130803.75,3680.64,9.51,7.36,66000,191000.00,0,-59096.25,0,0.00
26-10-2023 00:00:00,131730.00,924.49,0.59,1.17,-59000,132000.00,0,-46125.00,0,0.00
27-10-2023 00:00:00,130983.75,-747.77,0.91,0.61,0,132000.00,0,-44805.00,0,0.00
30-10-2023 00:00:00,131028.75,44.21,0.38,0.41,-132000,0.00,0,0,0,0
31-10-2023 00:00:00,131028.75,0.00,0.00,0.00,0,0.00,0,0,0,0
01-11-2023 00:00:00,131028.75,0.00,0.00,0.00,0,0.00,0,0,0,0
02-11-2023 00:00:00,129195.00,-1854.23,9.78,10.70,0,0.00,0,0,0,0
03-11-2023 00:00:00,129195.00,0.00,0.00,0.00,0,0.00,0,0,0,0
06-11-2023 00:00:00,129975.00,773.32,3.43,3.26,66000,66000.00,-22875.00,0,0.00,0
07-11-2023 00:00:00,129821.25,-153.75,0.00,0.00,0,66000.00,-22751.25,0,0.00,0
08-11-2023 00:00:00,129982.50,161.25,0.00,0.00,0,66000.00,-22935.00,0,0.00,0
09-11-2023 00:00:00,129776.25,-208.00,1.05,0.70,0,66000.00,-22042.50,0,0.00,0
10-11-2023 00:00:00,130095.00,318.75,0.00,0.00,0,66000.00,-22365.00,0,0.00,0
13-11-2023 00:00:00,130125.00,30.00,0.00,0.00,0,66000.00,-22395.00,0,0.00,0
15-11-2023 00:00:00,132236.25,2096.74,5.95,8.56,66000,132000.00,-52177.50,0,0.00,0
16-11-2023 00:00:00,132491.25,228.25,15.41,11.34,-66000,66000.00,-21847.50,0,0.00,0
17-11-2023 00:00:00,132757.50,266.25,0.00,0.00,0,66000.00,-22113.75,0,0.00,0
20-11-2023 00:00:00,132791.25,33.75,0.00,0.00,0,66000.00,-22151.25,0,0.00,0
21-11-2023 00:00:00,133042.50,251.25,0.00,0.00,0,66000.00,-22402.50,0,0.00,0
22-11-2023 00:00:00,133230.00,184.55,0.98,1.97,0,66000.00,-24521.25,0,0.00,0
23-11-2023 00:00:00,132015.00,-1215.23,0.14,0.09,-66000,0.00,-742.50,0,0.00,0
24-11-2023 00:00:00,131850.00,-166.45,0.87,0.58,0,0.00,0,0,0,0
28-11-2023 00:00:00,131850.00,0.00,0.00,0.00,0,0.00,0,0,0,0
29-11-2023 00:00:00,132731.25,872.75,4.15,4.35,66000,66000.00,-23715.00,0,0.00,0
30-11-2023 00:00:00,131587.50,-1146.40,1.59,1.06,0,66000.00,-21562.50,0,0.00,0
01-12-2023 00:00:00,132120.00,524.55,3.97,3.98,66000,132000.00,-44595.00,0,0.00,0
04-12-2023 00:00:00,141041.25,8895.01,14.96,11.29,66000,198000.00,-68568.75,0,0.00,0
05-12-2023 00:00:00,141937.50,885.83,5.85,4.57,0,198000.00,-66978.75,0,0.00,0
06-12-2023 00:00:00,142091.25,153.75,0.00,0.00,0,198000.00,-67132.50,0,0.00,0
07-12-2023 00:00:00,142233.75,142.50,0.00,0.00,-132000,66000.00,-22312.50,0,0.00,0
08-12-2023 00:00:00,139991.25,-2280.49,18.56,19.43,66000,132000.00,-44298.75,0,0.00,0
11-12-2023 00:00:00,139927.50,-65.57,1.09,0.73,0,132000.00,-43533.75,0,0.00,0
12-12-2023 00:00:00,137936.25,-2008.34,8.27,8.82,0,132000.00,-42626.25,0,0.00,0
13-12-2023 00:00:00,137422.50,-530.86,7.46,9.65,-66000,66000.00,-23943.75,0,0.00,0
14-12-2023 00:00:00,151612.50,14142.89,26.12,20.99,0,66000.00,-27866.25,0,0.00,0
15-12-2023 00:00:00,156048.75,4410.88,15.22,10.15,0,66000.00,-22196.25,0,0.00,0
18-12-2023 00:00:00,156078.75,20.00,5.33,4.67,80000,146000.00,-58297.50,0,0.00,0
19-12-2023 00:00:00,156877.50,798.75,0.00,0.00,0,146000.00,-59115.00,0,0.00,0
20-12-2023 00:00:00,156165.00,-717.87,2.31,3.06,-146000,0.00,0,0,0,0
21-12-2023 00:00:00,156165.00,0.00,0.00,0.00,0,0.00,0,0,0,0
22-12-2023 00:00:00,156165.00,0.00,0.00,0.00,0,0.00,0,0,0,0
26-12-2023 00:00:00,156165.00,0.00,0.00,0.00,0,0.00,0,0,0,0
27-12-2023 00:00:00,156165.00,0.00,0.00,0.00,0,0.00,0,0,0,0
28-12-2023 00:00:00,156022.50,-149.57,3.57,3.50,66000,66000.00,-22162.50,0,0.00,0
29-12-2023 00:00:00,156468.75,435.47,5.87,4.91,66000,132000.00,-43230.00,0,0.00,0
01-01-2024 00:00:00,156086.25,-394.45,6.31,5.64,66000,198000.00,-63975.00,0,0.01,0
02-01-2024 00:00:00,155666.25,-432.05,5.32,6.74,-66000,132000.00,-43942.50,0,0.00,0
03-01-2024 00:00:00,154818.75,-851.95,1.75,2.70,-132000,0.00,0,0,0,0
04-01-2024 00:00:00,155647.50,818.63,5.13,4.98,66000,66000.00,-22991.25,0,0.00,0
05-01-2024 00:00:00,155448.75,-201.00,1.35,0.90,0,66000.00,-21930.00,0,0.00,0
08-01-2024 00:00:00,154151.25,-1297.50,0.00,0.00,0,66000.00,-20636.25,0,0.00,0
09-01-2024 00:00:00,155197.50,1046.25,0.00,0.00,0,66000.00,-21682.50,0,0.00,0
10-01-2024 00:00:00,152317.50,-2900.38,9.85,10.53,0,66000.00,0,-20126.25,0,0.00
11-01-2024 00:00:00,152062.50,-269.56,7.38,7.18,66000,132000.00,-19526.25,-19518.75,0.00,0.00
12-01-2024 00:00:00,154916.25,2834.05,10.07,9.63,0,132000.00,-43957.50,0,0.00,0
15-01-2024 00:00:00,155677.50,747.14,7.51,6.61,73000,205000.00,-72851.25,0,0.00,0
16-01-2024 00:00:00,155628.75,-48.75,0.00,0.00,0,205000.00,-72843.75,0,0.00,0
17-01-2024 00:00:00,160728.75,5042.01,28.97,29.02,-66000,139000.00,0,-55447.50,0,0.00
18-01-2024 00:00:00,164520.00,3736.25,29.62,25.38,0,139000.00,0,-50808.75,0,0.00
19-01-2024 00:00:00,163796.25,-730.18,2.64,3.79,-139000,0.00,0,0,0,0
20-01-2024 00:00:00,163796.25,0.00,0.00,0.00,0,0.00,0,0,0,0
23-01-2024 00:00:00,165982.50,2170.28,8.47,7.50,66000,66000.00,0,-22635.00,0,0.00
24-01-2024 00:00:00,161651.25,-4383.87,25.29,27.33,-66000,0.00,0,0,0,0
25-01-2024 00:00:00,161651.25,0.00,0.00,0.00,0,0.00,0,0,0,0
29-01-2024 00:00:00,161651.25,0.00,0.00,0.00,0,0.00,0,0,0,0
30-01-2024 00:00:00,161651.25,0.00,0.00,0.00,0,0.00,0,0,0,0
31-01-2024 00:00:00,161651.25,0.00,0.00,0.00,0,0.00,0,0,0,0
01-02-2024 00:00:00,161253.75,-418.79,10.95,10.34,66000,66000.00,-20868.75,0,0.00,0
02-02-2024 00:00:00,162018.75,762.21,1.18,1.61,-66000,0.00,0,0,0,0
05-02-2024 00:00:00,162018.75,0.00,0.00,0.00,0,0.00,0,0,0,0
06-02-2024 00:00:00,162018.75,0.00,0.00,0.00,0,0.00,0,0,0,0
07-02-2024 00:00:00,162018.75,0.00,0.00,0.00,0,0.00,0,0,0,0
08-02-2024 00:00:00,162018.75,0.00,0.00,0.00,0,0.00,0,0,0,0
09-02-2024 00:00:00,162018.75,0.00,0.00,0.00,0,0.00,0,0,0,0
12-02-2024 00:00:00,162018.75,0.00,0.00,0.00,0,0.00,0,0,0,0
13-02-2024 00:00:00,162018.75,0.00,0.00,0.00,0,0.00,0,0,0,0
14-02-2024 00:00:00,163470.00,1440.23,5.27,5.75,66000,66000.00,-24817.50,0,0.00,0
15-02-2024 00:00:00,161981.25,-1492.63,2.33,1.55,0,66000.00,-21855.00,0,0.00,0
16-02-2024 00:00:00,162153.75,163.80,4.63,4.07,66000,132000.00,-43398.75,0,0.00,0
19-02-2024 00:00:00,162922.50,768.75,0.00,0.00,0,132000.00,-44205.00,0,0.06,0
20-02-2024 00:00:00,163372.50,450.00,0.00,0.00,0,132000.00,-44658.75,0,0.02,0
21-02-2024 00:00:00,163597.50,225.00,0.00,0.00,0,132000.00,-44883.75,0,0.00,0
22-02-2024 00:00:00,164291.25,684.71,4.40,4.65,-66000,66000.00,-22245.00,0,0.00,0
23-02-2024 00:00:00,164130.00,-162.80,0.93,0.62,0,66000.00,-21521.25,0,0.00,0
26-02-2024 00:00:00,164058.75,-71.25,0.00,0.00,0,66000.00,-21457.50,0,0.03,0
27-02-2024 00:00:00,164778.75,720.00,0.00,0.00,0,66000.00,-22177.50,0,0.01,0
28-02-2024 00:00:00,166503.75,1711.70,5.95,7.35,-7000,59000.00,0,-19113.75,0,0.01
29-02-2024 00:00:00,163721.25,-2787.07,2.74,1.83,0,59000.00,0,-14561.25,0,0.00
01-03-2024 00:00:00,163826.25,91.76,6.82,6.42,7000,66000.00,-21397.50,0,0.00,0
04-03-2024 00:00:00,164403.75,577.50,0.00,0.00,0,66000.00,-21986.25,0,0.01,0
05-03-2024 00:00:00,164715.00,311.25,0.00,0.00,0,66000.00,-22297.50,0,0.00,0
06-03-2024 00:00:00,163976.25,-753.50,7.25,7.50,66000,132000.00,-44460.00,0,0.00,0
07-03-2024 00:00:00,164268.75,290.84,1.00,0.66,-66000,66000.00,-21660.00,0,0.00,0
11-03-2024 00:00:00,163811.25,-457.50,0.00,0.00,0,66000.00,-21213.75,0,0.00,0
12-03-2024 00:00:00,164295.00,483.75,0.00,0.00,0,66000.00,-21697.50,0,23.74,0
13-03-2024 00:00:00,169110.00,4789.84,13.19,11.97,-7000,59000.00,0,-16545.00,0,0.00
14-03-2024 00:00:00,165217.50,-3924.17,15.26,16.41,-59000,0.00,0,0,0,0
15-03-2024 00:00:00,165217.50,0.00,0.00,0.00,0,0.00,0,0,0,0
18-03-2024 00:00:00,165217.50,0.00,0.00,0.00,0,0.00,0,0,0,0
19-03-2024 00:00:00,165896.25,670.21,4.46,4.08,66000,66000.00,0,-22331.25,0,0.00
20-03-2024 00:00:00,166031.25,133.24,1.06,0.71,0,66000.00,0,-21795.00,0,0.00
21-03-2024 00:00:00,165416.25,-618.24,1.30,1.94,-66000,0.00,0,0,0,0
22-03-2024 00:00:00,165416.25,0.00,0.00,0.00,0,0.00,0,0,0,0
26-03-2024 00:00:00,165416.25,0.00,0.00,0.00,0,0.00,0,0,0,0
27-03-2024 00:00:00,165416.25,0.00,0.00,0.00,0,0.00,0,0,0,0
28-03-2024 00:00:00,168941.25,3504.50,11.44,9.07,66000,66000.00,-21277.50,0,0.00,0
01-04-2024 00:00:00,170047.50,1094.27,6.35,5.63,66000,132000.00,-43436.25,0,0.00,0
02-04-2024 00:00:00,170306.25,258.75,0.00,0.00,0,132000.00,-43698.75,0,0.00,0
03-04-2024 00:00:00,170602.50,296.25,0.00,0.00,0,132000.00,-43998.75,0,0.00,0
04-04-2024 00:00:00,171048.75,446.25,0.00,0.00,-66000,66000.00,-21948.75,0,0.00,0
05-04-2024 00:00:00,171060.00,11.25,0.00,0.00,0,66000.00,-21960.00,0,0.00,0
08-04-2024 00:00:00,171416.25,356.25,0.00,0.00,0,66000.00,-22316.25,0,0.00,0
09-04-2024 00:00:00,170130.00,-1300.22,7.10,6.87,66000,132000.00,-43080.00,0,0.00,0
10-04-2024 00:00:00,170955.00,817.15,4.12,3.72,0,132000.00,-43083.75,0,0.00,0
12-04-2024 00:00:00,168405.00,-2559.23,4.01,5.22,-66000,66000.00,-20482.50,0,0.00,0
15-04-2024 00:00:00,165881.25,-2549.30,11.93,13.62,0,66000.00,0,-21277.50,0,0.00
16-04-2024 00:00:00,166668.75,776.89,5.63,4.98,66000,132000.00,0,-43226.25,0,0.00
18-04-2024 00:00:00,168330.00,1644.08,9.00,8.17,59000,191000.00,0,-58218.75,0,0.00
19-04-2024 00:00:00,168315.00,-20.28,2.21,3.07,-191000,0.00,0,0,0,0
22-04-2024 00:00:00,168315.00,0.00,0.00,0.00,0,0.00,0,0,0,0
23-04-2024 00:00:00,168315.00,0.00,0.00,0.00,0,0.00,0,0,0,0
24-04-2024 00:00:00,168315.00,0.00,0.00,0.00,0,0.00,0,0,0,0
25-04-2024 00:00:00,168315.00,0.00,0.00,0.00,0,0.00,0,0,0,0
26-04-2024 00:00:00,168315.00,0.00,0.00,0.00,0,0.00,0,0,0,0
29-04-2024 00:00:00,168315.00,0.00,0.00,0.00,0,0.00,0,0,0,0
30-04-2024 00:00:00,167452.50,-873.69,5.89,5.30,66000,66000.00,-20441.25,0,0.00,0
02-05-2024 00:00:00,168682.50,1230.00,0.00,0.00,0,66000.00,-21678.75,0,0.00,0
03-05-2024 00:00:00,166897.50,-1802.74,8.57,9.18,0,66000.00,0,-21390.00,0,0.00
06-05-2024 00:00:00,167482.50,585.00,0.00,0.00,0,66000.00,0,-22035.00,0,0.13
07-05-2024 00:00:00,168067.50,585.00,0.00,0.00,0,66000.00,0,-22110.00,0,0.06
08-05-2024 00:00:00,168247.50,180.00,0.00,0.00,0,66000.00,0,-22500.00,0,99.87
09-05-2024 00:00:00,169275.00,1012.43,7.60,7.47,0,66000.00,0,-23160.00,0,0.01
10-05-2024 00:00:00,168318.75,-958.71,1.47,0.98,0,66000.00,0,-20565.00,0,0.00
13-05-2024 00:00:00,168453.75,132.53,0.98,1.50,-66000,0.00,0,0,0,0
14-05-2024 00:00:00,168453.75,0.00,0.00,0.00,0,0.00,0,0,0,0
15-05-2024 00:00:00,168453.75,0.00,0.00,0.00,0,0.00,0,0,0,0
16-05-2024 00:00:00,168453.75,0.00,0.00,0.00,0,0.00,0,0,0,0
17-05-2024 00:00:00,168453.75,0.00,0.00,0.00,0,0.00,0,0,0,0
21-05-2024 00:00:00,168453.75,0.00,0.00,0.00,0,0.00,0,0,0,0
22-05-2024 00:00:00,168453.75,0.00,0.00,0.00,0,0.00,0,0,0,0
23-05-2024 00:00:00,171585.00,3097.14,17.65,16.46,66000,66000.00,-24315.00,0,0.25,0
24-05-2024 00:00:00,171637.50,52.50,0.00,0.00,0,66000.00,-25590.00,0,0.06,0
27-05-2024 00:00:00,171442.50,-197.22,1.33,0.89,0,66000.00,-22297.50,0,11.54,0
28-05-2024 00:00:00,171577.50,135.00,0.00,0.00,0,66000.00,-22387.50,0,7.88,0
29-05-2024 00:00:00,171491.25,-87.04,0.34,0.45,-66000,0.00,0,0,0,0
30-05-2024 00:00:00,171491.25,0.00,0.00,0.00,0,0.00,0,0,0,0
31-05-2024 00:00:00,170666.25,-888.94,30.25,33.69,0,0.00,-862.50,0,0.57,0
03-06-2024 00:00:00,177446.25,6719.39,33.69,26.92,66000,66000.00,-22128.75,0,3.66,0
04-06-2024 00:00:00,175548.75,-2021.04,61.12,62.42,-66000,0.00,0,0,0,0
05-06-2024 00:00:00,174641.25,-965.38,28.23,29.66,0,0.00,0,-588.75,0,0.09
06-06-2024 00:00:00,173685.00,-958.73,1.49,0.99,0,0.00,0,0,0,0
07-06-2024 00:00:00,173685.00,0.00,0.00,0.00,0,0.00,0,0,0,0
10-06-2024 00:00:00,173362.50,-343.47,11.34,9.63,87000,87000.00,-42273.75,0,0.11,0
11-06-2024 00:00:00,175612.50,2250.00,0.00,0.00,0,87000.00,-43308.75,0,0.00,0
12-06-2024 00:00:00,175976.25,363.75,0.00,0.00,0,87000.00,-43818.75,0,0.00,0
13-06-2024 00:00:00,176700.00,723.75,0.00,0.00,0,87000.00,-44411.25,0,0.00,0
14-06-2024 00:00:00,176943.75,243.75,0.00,0.00,0,87000.00,-44666.25,0,0.00,0
18-06-2024 00:00:00,177056.25,112.50,0.00,0.00,0,87000.00,-45090.00,-90.00,0.00,1260.39
19-06-2024 00:00:00,177101.25,45.00,0.00,0.00,0,87000.00,-45000.00,0,0.00,0
20-06-2024 00:00:00,177112.50,11.25,0.00,0.00,-87000,0.00,0,0,0,0
21-06-2024 00:00:00,175462.50,-1670.27,9.72,10.55,0,0.00,0,0,0,0
24-06-2024 00:00:00,175462.50,0.00,0.00,0.00,0,0.00,0,0,0,0
25-06-2024 00:00:00,175462.50,0.00,0.00,0.00,0,0.00,0,0,0,0
26-06-2024 00:00:00,175256.25,-219.67,6.83,6.59,66000,66000.00,-21903.75,0,0.00,0
27-06-2024 00:00:00,179407.50,4129.47,11.70,10.08,66000,132000.00,-45596.25,0,0.00,0
28-06-2024 00:00:00,181796.25,2380.64,4.87,3.24,0,132000.00,-44107.50,0,0.00,0
01-07-2024 00:00:00,182171.25,375.00,0.00,0.00,0,132000.00,-44475.00,0,0.00,0
02-07-2024 00:00:00,182306.25,135.00,0.00,0.00,0,132000.00,-44902.50,0,0.00,0
03-07-2024 00:00:00,182381.25,75.00,0.00,0.00,0,132000.00,-45000.00,0,0.00,0
04-07-2024 00:00:00,181856.25,-538.49,6.95,6.54,-66000,66000.00,-21123.75,0,0.00,0
05-07-2024 00:00:00,180982.50,-880.58,2.86,3.98,-66000,0.00,0,0,0,0
08-07-2024 00:00:00,180982.50,0.00,0.00,0.00,0,0.00,0,0,0,0
09-07-2024 00:00:00,180982.50,0.00,0.00,0.00,0,0.00,0,0,0,0
10-07-2024 00:00:00,180982.50,0.00,0.00,0.00,0,0.00,0,0,0,0
11-07-2024 00:00:00,180918.75,-69.96,2.81,3.40,0,0.00,-1083.75,0,0.00,0
12-07-2024 00:00:00,182433.75,1499.77,8.49,6.74,66000,66000.00,-21618.75,0,0.00,0
15-07-2024 00:00:00,183513.75,1065.47,7.71,6.83,73000,139000.00,-51453.75,0,0.00,0
16-07-2024 00:00:00,184083.75,570.00,0.00,0.00,0,139000.00,-52005.00,0,0.00,0
18-07-2024 00:00:00,184545.00,459.51,1.05,0.70,-66000,73000.00,-29456.25,0,0.00,0
19-07-2024 00:00:00,183375.00,-1178.66,3.73,4.93,-73000,0.00,0,0,0,0
22-07-2024 00:00:00,183375.00,0.00,0.00,0.00,0,0.00,0,0,0,0
23-07-2024 00:00:00,183375.00,0.00,0.00,0.00,0,0.00,0,0,0,0
24-07-2024 00:00:00,183375.00,0.00,0.00,0.00,0,0.00,0,0,0,0
25-07-2024 00:00:00,183375.00,0.00,0.00,0.00,0,0.00,0,0,0,0
26-07-2024 00:00:00,186622.50,3224.34,12.52,10.64,132000,132000.00,-44205.00,0,0.00,0
29-07-2024 00:00:00,187083.75,459.54,1.02,0.68,0,132000.00,-44118.75,0,0.00,0
30-07-2024 00:00:00,187353.75,270.00,0.00,0.00,0,132000.00,-44411.25,0,0.00,0
31-07-2024 00:00:00,187653.75,300.00,0.00,0.00,0,132000.00,-44981.25,0,0.00,0
01-08-2024 00:00:00,187830.00,176.25,0.00,0.00,-132000,0.00,0,0,0,0
02-08-2024 00:00:00,187830.00,0.00,0.00,0.00,0,0.00,0,0,0,0
05-08-2024 00:00:00,190372.50,2525.09,9.68,7.73,73000,73000.00,0,-28196.25,0,1.45
06-08-2024 00:00:00,189982.50,-396.89,3.01,3.88,-73000,0.00,0,0,0,0
07-08-2024 00:00:00,189982.50,0.00,0.00,0.00,0,0.00,0,0,0,0
08-08-2024 00:00:00,189982.50,0.00,0.00,0.00,0,0.00,0,0,0,0
09-08-2024 00:00:00,189982.50,0.00,0.00,0.00,0,0.00,0,0,0,0
12-08-2024 00:00:00,189982.50,0.00,0.00,0.00,0,0.00,0,0,0,0
13-08-2024 00:00:00,189776.25,-215.62,4.33,5.04,66000,66000.00,0,-23553.75,0,0.03
14-08-2024 00:00:00,189285.00,-507.83,8.82,7.76,59000,125000.00,0,-34747.50,0,0.00
16-08-2024 00:00:00,187230.00,-2064.79,4.03,5.76,-125000,0.00,0,0,0,0
19-08-2024 00:00:00,187241.25,-0.90,6.37,5.78,80000,80000.00,-36187.50,0,0.00,0
20-08-2024 00:00:00,187991.25,741.86,4.09,4.05,73000,153000.00,-67530.00,0,0.00,0
21-08-2024 00:00:00,188685.00,693.75,0.00,0.00,0,153000.00,-67413.75,0,0.00,0
22-08-2024 00:00:00,188936.25,251.25,0.00,0.00,0,153000.00,-67773.75,0,0.00,0
23-08-2024 00:00:00,188808.75,-129.37,1.12,0.75,0,153000.00,-66990.00,0,0.00,0
26-08-2024 00:00:00,189101.25,292.50,0.00,0.00,0,153000.00,-67215.00,0,0.00,0
27-08-2024 00:00:00,188812.50,-298.35,5.03,4.57,66000,219000.00,-88185.00,0,0.00,0
28-08-2024 00:00:00,189225.00,412.50,0.00,0.00,0,219000.00,-89760.00,-52.50,0.00,1313.83
29-08-2024 00:00:00,189817.50,592.50,0.00,0.00,-153000,66000.00,-22421.25,-86.25,0.00,1065.42
30-08-2024 00:00:00,190417.50,591.94,4.25,3.81,66000,132000.00,-44362.50,0,0.00,0
02-09-2024 00:00:00,190481.25,63.75,0.00,0.00,0,132000.00,-44433.75,0,0.00,0
03-09-2024 00:00:00,190758.75,277.50,0.00,0.00,0,132000.00,-44853.75,0,0.00,0
04-09-2024 00:00:00,190878.75,120.00,0.00,0.00,0,132000.00,-44831.25,0,32.11,0
05-09-2024 00:00:00,191047.50,168.75,0.00,0.00,-132000,0.00,0,0,0,0
06-09-2024 00:00:00,191265.00,201.86,8.00,7.63,118000,118000.00,0,-29688.75,0,0.00
09-09-2024 00:00:00,191002.50,-274.59,6.55,5.54,66000,184000.00,0,-49796.25,0,0.00
10-09-2024 00:00:00,190035.00,-977.27,3.94,5.83,-184000,0.00,0,0,0,0
11-09-2024 00:00:00,190035.00,0.00,0.00,0.00,0,0.00,0,0,0,0
12-09-2024 00:00:00,193413.75,3359.55,10.63,8.57,66000,66000.00,-21813.75,0,0.00,0
13-09-2024 00:00:00,193886.25,463.29,4.77,4.43,66000,132000.00,-43893.75,0,0.00,0
16-09-2024 00:00:00,194355.00,468.75,0.00,0.00,0,132000.00,-44276.25,0,0.00,0
17-09-2024 00:00:00,194373.75,18.75,0.00,0.00,0,132000.00,-45247.50,-247.50,0.00,1236.65
18-09-2024 00:00:00,194047.50,-326.25,0.00,0.00,0,132000.00,-44501.25,0,13.66,0
19-09-2024 00:00:00,194850.00,802.50,0.00,0.00,-132000,0.00,0,0,0,0
20-09-2024 00:00:00,198363.75,3493.96,10.98,8.82,73000,73000.00,-28406.25,0,0.00,0
23-09-2024 00:00:00,198885.00,506.15,7.91,7.18,73000,146000.00,-59175.00,0,0.00,0
24-09-2024 00:00:00,199545.00,660.00,0.00,0.00,0,146000.00,-58938.75,0,0.00,0
25-09-2024 00:00:00,200103.75,558.75,0.00,0.00,0,146000.00,-59471.25,0,0.00,0
26-09-2024 00:00:00,201048.75,933.74,5.56,5.70,0,146000.00,-60431.25,0,0.00,0
27-09-2024 00:00:00,201206.25,148.73,4.66,4.12,73000,219000.00,-89550.00,0,0.00,0
30-09-2024 00:00:00,198600.00,-2618.02,5.17,6.60,-219000,0.00,0,0,0,0
01-10-2024 00:00:00,198600.00,0.00,0.00,0.00,0,0.00,0,0,0,0
03-10-2024 00:00:00,202237.50,3618.32,10.59,8.59,59000,59000.00,-127.50,-15063.75,1025.14,0.00
04-10-2024 00:00:00,201228.75,-1039.12,15.09,15.28,7000,66000.00,0,-21483.75,0,0.00
07-10-2024 00:00:00,202038.75,774.88,18.30,16.82,146000,212000.00,0,-80250.00,0,0.02
08-10-2024 00:00:00,200752.50,-1309.80,10.67,12.88,-212000,0.00,0,0,0,0
09-10-2024 00:00:00,200752.50,0.00,0.00,0.00,0,0.00,0,0,0,0
10-10-2024 00:00:00,200752.50,0.00,0.00,0.00,0,0.00,0,0,0,0
11-10-2024 00:00:00,200752.50,0.00,0.00,0.00,0,0.00,0,0,0,0
14-10-2024 00:00:00,200752.50,0.00,0.00,0.00,0,0.00,0,0,0,0
15-10-2024 00:00:00,200752.50,0.00,0.00,0.00,0,0.00,0,0,0,0
16-10-2024 00:00:00,199920.00,-845.54,6.56,6.48,66000,66000.00,0,-21408.75,0,0.00
17-10-2024 00:00:00,201202.50,1271.72,5.45,5.34,66000,132000.00,0,-45330.00,0,0.00
18-10-2024 00:00:00,201217.50,-14.75,14.90,14.85,-132000,0.00,0,0,0,0
21-10-2024 00:00:00,201217.50,0.00,0.00,0.00,0,0.00,0,0,0,0
22-10-2024 00:00:00,201716.25,480.25,9.64,8.87,139000,139000.00,0,-51341.25,0,0.00
23-10-2024 00:00:00,202380.00,661.71,1.23,0.82,0,139000.00,0,-51067.50,0,0.00
24-10-2024 00:00:00,202788.75,408.75,0.00,0.00,0,139000.00,0,-51585.00,0,0.00
25-10-2024 00:00:00,203201.25,403.14,4.98,4.38,66000,205000.00,0,-73316.25,0,0.00
28-10-2024 00:00:00,201892.50,-1315.99,2.90,4.34,-205000,0.00,0,0,0,0
29-10-2024 00:00:00,199931.25,-1988.96,13.36,14.34,0,0.00,0,0,0,0
30-10-2024 00:00:00,199931.25,0.00,0.00,0.00,0,0.00,0,0,0,0
31-10-2024 00:00:00,199882.50,-62.50,6.92,6.82,66000,66000.00,0,-22050.00,0,0.00
04-11-2024 00:00:00,202785.00,2880.40,12.12,9.98,66000,132000.00,0,-44475.00,0,0.12
05-11-2024 00:00:00,202241.25,-557.45,6.31,7.39,-132000,0.00,0,0,0,0
06-11-2024 00:00:00,202241.25,0.00,0.00,0.00,0,0.00,0,0,0,0
07-11-2024 00:00:00,202241.25,0.00,0.00,0.00,0,0.00,0,0,0,0
08-11-2024 00:00:00,202241.25,0.00,0.00,0.00,0,0.00,0,0,0,0
11-11-2024 00:00:00,202241.25,0.00,0.00,0.00,0,0.00,0,0,0,0
12-11-2024 00:00:00,203947.50,1698.53,4.00,3.72,66000,66000.00,0,-24172.50,0,0.00
13-11-2024 00:00:00,205455.00,1488.79,9.95,8.76,66000,132000.00,0,-45371.25,0,0.00
14-11-2024 00:00:00,205803.75,346.71,1.23,0.82,0,132000.00,0,-44257.50,0,0.00
18-11-2024 00:00:00,204712.50,-1107.66,7.90,8.51,0,132000.00,0,-44958.75,0,0.02
19-11-2024 00:00:00,205121.25,400.73,4.04,3.98,-73000,59000.00,0,-14973.75,0,0.02
21-11-2024 00:00:00,204528.75,-608.87,8.48,7.89,66000,125000.00,0,-35921.25,0,0.00
22-11-2024 00:00:00,202511.25,-2028.81,4.77,6.54,-125000,0.00,0,0,0,0
25-11-2024 00:00:00,202518.75,-8.69,8.49,7.70,73000,73000.00,-28132.50,0,0.01,0
26-11-2024 00:00:00,202275.00,-258.16,7.62,6.79,73000,146000.00,-56242.50,0,0.00,0
27-11-2024 00:00:00,203977.50,1702.50,0.00,0.00,0,146000.00,-57735.00,0,0.00,0
28-11-2024 00:00:00,200970.00,-3022.63,6.37,8.76,-146000,0.00,0,0,0,0
29-11-2024 00:00:00,200970.00,0.00,0.00,0.00,0,0.00,0,0,0,0
02-12-2024 00:00:00,200418.75,-573.54,11.46,10.83,125000,125000.00,-6247.50,-750.00,101.04,1523.55
03-12-2024 00:00:00,200621.25,190.06,5.84,6.60,-59000,66000.00,-23058.75,0,0.00,0
04-12-2024 00:00:00,201026.25,405.00,0.00,0.00,0,66000.00,-22605.00,0,0.00,0
05-12-2024 00:00:00,199740.00,-1342.44,27.85,28.34,-66000,0.00,0,0,0,0
06-12-2024 00:00:00,199740.00,0.00,0.00,0.00,0,0.00,0,0,0,0
09-12-2024 00:00:00,199740.00,0.00,0.00,0.00,0,0.00,0,0,0,0
10-12-2024 00:00:00,199740.00,0.00,0.00,0.00,0,0.00,0,0,0,0
11-12-2024 00:00:00,199132.50,-623.65,8.24,7.91,66000,66000.00,-21228.75,0,0.00,0
12-12-2024 00:00:00,198836.25,-296.25,0.00,0.00,0,66000.00,-20936.25,0,0.00,0
13-12-2024 00:00:00,195457.50,-3411.52,15.15,17.62,-66000,0.00,0,0,0,0
16-12-2024 00:00:00,195457.50,0.00,0.00,0.00,0,0.00,0,0,0,0
17-12-2024 00:00:00,196953.75,1482.85,7.03,6.37,66000,66000.00,0,-23752.50,0,0.00
18-12-2024 00:00:00,196383.75,-587.85,9.53,8.32,94000,160000.00,0,-74726.25,0,0.00
19-12-2024 00:00:00,206478.75,10049.58,25.73,19.69,87000,247000.00,0,-117930.00,0,0.00
20-12-2024 00:00:00,207746.25,1239.99,13.15,14.36,-21000,226000.00,0,-95647.50,0,0.00
23-12-2024 00:00:00,208256.25,506.78,1.46,1.76,-226000,0.00,0,0,0,0
24-12-2024 00:00:00,208256.25,0.00,0.00,0.00,0,0.00,0,0,0,0
26-12-2024 00:00:00,208256.25,0.00,0.00,0.00,0,0.00,0,0,0,0
27-12-2024 00:00:00,208256.25,0.00,0.00,0.00,0,0.00,0,0,0,0
30-12-2024 00:00:00,208357.50,88.43,6.90,5.92,66000,66000.00,0,-20606.25,0,0.00
31-12-2024 00:00:00,206613.75,-1764.83,10.16,10.93,0,66000.00,0,-20452.50,0,0.00
01-01-2025 00:00:00,205837.50,-784.50,3.42,4.83,-66000,0.00,0,0,0,0
02-01-2025 00:00:00,205822.50,-27.61,6.57,6.04,66000,66000.00,-22383.75,0,0.00,0
03-01-2025 00:00:00,204832.50,-1004.16,7.74,6.42,66000,132000.00,-40473.75,0,0.00,0
06-01-2025 00:00:00,203688.75,-1180.47,16.85,19.87,-66000,66000.00,0,-21378.75,0,0.03
07-01-2025 00:00:00,203006.25,-684.51,1.20,0.80,0,66000.00,0,-21611.25,0,0.00
08-01-2025 00:00:00,203531.25,525.00,0.00,0.00,0,66000.00,0,-21851.25,0,0.00
09-01-2025 00:00:00,204063.75,525.16,3.70,3.63,59000,125000.00,0,-37477.50,0,0.00
10-01-2025 00:00:00,205267.50,1203.75,0.00,0.00,0,125000.00,0,-38152.50,0,0.00
13-01-2025 00:00:00,209058.75,3772.97,10.21,8.07,73000,198000.00,0,-67601.25,0,0.08
14-01-2025 00:00:00,208665.00,-395.71,1.18,0.78,0,198000.00,0,-66465.00,0,0.01
15-01-2025 00:00:00,209077.50,412.50,0.00,0.00,0,198000.00,0,-67012.50,0,0.00
16-01-2025 00:00:00,208803.75,-276.46,1.18,1.53,-198000,0.00,0,0,0,0
17-01-2025 00:00:00,207716.25,-1103.97,7.96,8.51,0,0.00,0,0,0,0
20-01-2025 00:00:00,207716.25,0.00,0.00,0.00,0,0.00,0,0,0,0
21-01-2025 00:00:00,207693.75,-34.45,6.28,5.67,66000,66000.00,0,-21221.25,0,0.07
22-01-2025 00:00:00,207963.75,270.00,0.00,0.00,0,66000.00,0,-21453.75,0,0.01
23-01-2025 00:00:00,207765.00,-198.75,0.00,0.00,0,66000.00,0,-21281.25,0,0.00
24-01-2025 00:00:00,207450.00,-319.46,1.86,2.60,-66000,0.00,0,0,0,0
27-01-2025 00:00:00,208740.00,1268.21,11.30,10.49,66000,66000.00,0,-22563.75,0,0.59
28-01-2025 00:00:00,206508.75,-2252.60,10.03,11.32,-66000,0.00,0,0,0,0
29-01-2025 00:00:00,206508.75,0.00,0.00,0.00,0,0.00,0,0,0,0
30-01-2025 00:00:00,206508.75,0.00,0.00,0.00,0,0.00,0,0,0,0
31-01-2025 00:00:00,207438.75,899.10,16.23,14.68,66000,66000.00,-23351.25,-1023.75,0.00,1548.11
03-02-2025 00:00:00,207761.25,315.85,2.87,3.79,-66000,0.00,0,0,0,0
04-02-2025 00:00:00,209467.50,1674.05,16.89,15.30,132000,132000.00,-44145.00,0,0.00,0
05-02-2025 00:00:00,209557.50,90.00,0.00,0.00,0,132000.00,-44058.75,0,0.00,0
06-02-2025 00:00:00,209456.25,-103.23,1.19,0.79,0,132000.00,-43447.50,0,0.00,0
07-02-2025 00:00:00,207967.50,-1516.11,12.74,14.62,-132000,0.00,0,0,0,0
10-02-2025 00:00:00,207967.50,0.00,0.00,0.00,0,0.00,0,0,0,0
11-02-2025 00:00:00,207660.00,-319.00,6.08,5.42,66000,66000.00,0,-21375.00,0,0.00
12-02-2025 00:00:00,204937.50,-2758.82,17.08,19.25,-66000,0.00,0,0,0,0
13-02-2025 00:00:00,204937.50,0.00,0.00,0.00,0,0.00,0,0,0,0
14-02-2025 00:00:00,204937.50,0.00,0.00,0.00,0,0.00,0,0,0,0
17-02-2025 00:00:00,203696.25,-1255.38,7.51,6.62,66000,66000.00,0,-19320.00,0,0.04
18-02-2025 00:00:00,204855.00,1158.75,0.00,0.00,0,66000.00,0,-21033.75,0,0.01
19-02-2025 00:00:00,204183.75,-689.40,8.00,10.15,-7000,59000.00,0,-17028.75,0,0.00
20-02-2025 00:00:00,203598.75,-588.86,2.32,1.55,0,59000.00,0,-14617.50,0,0.00
21-02-2025 00:00:00,203872.50,273.75,0.00,0.00,0,59000.00,0,-14928.75,0,0.00
24-02-2025 00:00:00,204228.75,346.68,5.08,4.49,66000,125000.00,0,-36690.00,0,0.01
25-02-2025 00:00:00,204885.00,656.25,0.00,0.00,0,125000.00,0,-36982.50,0,0.00
27-02-2025 00:00:00,205012.50,127.50,0.00,0.00,-59000,66000.00,0,-22245.00,0,0.00
28-02-2025 00:00:00,205500.00,479.37,4.28,3.84,59000,125000.00,0,-36832.50,0,0.00
03-03-2025 00:00:00,205878.75,371.48,3.72,3.55,66000,191000.00,0,-60041.25,0,0.00
04-03-2025 00:00:00,206658.75,780.00,0.00,0.00,0,191000.00,0,-60348.75,0,0.00
05-03-2025 00:00:00,205650.00,-1014.47,2.68,3.03,-191000,0.00,0,0,0,0
06-03-2025 00:00:00,205650.00,0.00,0.00,0.00,0,0.00,0,0,0,0
07-03-2025 00:00:00,205650.00,0.00,0.00,0.00,0,0.00,0,0,0,0
10-03-2025 00:00:00,205650.00,0.00,0.00,0.00,0,0.00,0,0,0,0
11-03-2025 00:00:00,204783.75,-880.99,7.15,7.59,0,0.00,0,0,0,0
12-03-2025 00:00:00,204783.75,0.00,0.00,0.00,0,0.00,0,0,0,0
13-03-2025 00:00:00,207765.00,2956.02,13.71,11.52,66000,66000.00,-21498.75,0,0.00,0
17-03-2025 00:00:00,208792.50,1027.50,0.00,0.00,0,66000.00,-22128.75,0,0.00,0
18-03-2025 00:00:00,209223.75,422.01,4.71,4.53,66000,132000.00,-44808.75,0,0.00,0
19-03-2025 00:00:00,209827.50,603.75,0.00,0.00,0,132000.00,-45217.50,0,0.00,0
20-03-2025 00:00:00,212715.00,2865.43,11.85,10.22,0,132000.00,-44868.75,0,0.00,0
21-03-2025 00:00:00,216187.50,3458.22,7.82,6.45,66000,198000.00,-68013.75,0,0.00,0
24-03-2025 00:00:00,219693.75,3495.53,6.00,4.73,0,198000.00,-68287.50,0,0.00,0
25-03-2025 00:00:00,221313.75,1611.23,5.27,3.51,0,198000.00,-67218.75,0,0.00,0
26-03-2025 00:00:00,221493.75,178.78,0.58,0.63,-198000,0.00,0,0,0,0
27-03-2025 00:00:00,221493.75,0.00,0.00,0.00,0,0.00,0,0,0,0
28-03-2025 00:00:00,221493.75,0.00,0.00,0.00,0,0.00,0,0,0,0
01-04-2025 00:00:00,221493.75,0.00,0.00,0.00,0,0.00,0,0,0,0
02-04-2025 00:00:00,221493.75,0.00,0.00,0.00,0,0.00,0,0,0,0
03-04-2025 00:00:00,221493.75,0.00,0.00,0.00,0,0.00,0,0,0,0
04-04-2025 00:00:00,221985.00,482.77,4.42,4.05,59000,59000.00,0,-14741.25,0,0.00
07-04-2025 00:00:00,221100.00,-928.59,21.23,22.35,-59000,0.00,0,-1038.75,0,10.11
08-04-2025 00:00:00,220601.25,-500.27,0.91,0.61,0,0.00,0,0,0,0
09-04-2025 00:00:00,220601.25,0.00,0.00,0.00,0,0.00,0,0,0,0
11-04-2025 00:00:00,220601.25,0.00,0.00,0.00,0,0.00,0,0,0,0
15-04-2025 00:00:00,220710.00,95.73,6.74,6.28,87000,87000.00,-44673.75,0,0.02,0
16-04-2025 00:00:00,219783.75,-944.86,9.55,9.06,73000,160000.00,-72626.25,0,0.00,0
17-04-2025 00:00:00,221396.25,1612.50,0.00,0.00,0,160000.00,-72716.25,0,0.00,0
21-04-2025 00:00:00,223556.25,2141.87,9.86,8.27,87000,247000.00,-117787.50,0,0.01,0
22-04-2025 00:00:00,223815.00,255.12,1.76,1.88,0,247000.00,-118421.25,0,0.00,0
23-04-2025 00:00:00,224418.75,603.75,0.00,0.00,0,247000.00,-119025.00,0,0.00,0
24-04-2025 00:00:00,224141.25,-277.50,0.00,0.00,-160000,87000.00,-44197.50,0,0.00,0
25-04-2025 00:00:00,223233.75,-914.97,3.18,4.29,-87000,0.00,0,0,0,0
28-04-2025 00:00:00,223233.75,0.00,0.00,0.00,0,0.00,0,0,0,0
29-04-2025 00:00:00,223233.75,0.00,0.00,0.00,0,0.00,0,0,0,0
30-04-2025 00:00:00,223233.75,0.00,0.00,0.00,0,0.00,0,0,0,0
02-05-2025 00:00:00,221703.75,-1560.38,14.81,15.57,0,0.00,0,0,0,0
05-05-2025 00:00:00,221703.75,0.00,0.00,0.00,0,0.00,0,0,0,0
06-05-2025 00:00:00,221703.75,0.00,0.00,0.00,0,0.00,0,0,0,0
07-05-2025 00:00:00,221703.75,0.00,0.00,0.00,0,0.00,0,0,0,0
08-05-2025 00:00:00,221703.75,0.00,0.00,0.00,0,0.00,0,0,0,0
09-05-2025 00:00:00,221673.75,-39.97,5.27,4.70,66000,66000.00,0,-20055.00,0,0.06
12-05-2025 00:00:00,220882.50,-828.94,18.67,19.02,0,66000.00,-21213.75,0,0.55,0
13-05-2025 00:00:00,219832.50,-1080.02,14.98,15.03,0,66000.00,-20640.00,0,0.20,0
14-05-2025 00:00:00,220920.00,1087.50,0.00,0.00,0,66000.00,-21352.50,0,0.02,0
15-05-2025 00:00:00,221553.75,633.75,0.00,0.00,0,66000.00,-22027.50,0,0.00,0
16-05-2025 00:00:00,221715.00,161.25,0.00,0.00,0,66000.00,-21948.75,0,0.00,0
19-05-2025 00:00:00,221831.25,116.25,0.00,0.00,0,66000.00,-22425.00,0,0.23,0
20-05-2025 00:00:00,221842.50,10.39,0.38,0.48,-66000,0.00,0,0,0,0
21-05-2025 00:00:00,221842.50,0.00,0.00,0.00,0,0.00,0,0,0,0
22-05-2025 00:00:00,221842.50,0.00,0.00,0.00,0,0.00,0,0,0,0
23-05-2025 00:00:00,221966.25,111.68,6.37,5.70,66000,66000.00,-21045.00,0,0.00,0
26-05-2025 00:00:00,222337.50,371.25,0.00,0.00,0,66000.00,-21135.00,0,0.39,0
27-05-2025 00:00:00,221343.75,-1000.68,3.01,3.93,-66000,0.00,0,0,0,0
28-05-2025 00:00:00,221343.75,0.00,0.00,0.00,0,0.00,0,0,0,0
29-05-2025 00:00:00,221343.75,0.00,0.00,0.00,0,0.00,0,0,0,0
30-05-2025 00:00:00,221343.75,0.00,0.00,0.00,0,0.00,0,0,0,0
02-06-2025 00:00:00,221343.75,0.00,0.00,0.00,0,0.00,0,0,0,0
03-06-2025 00:00:00,221343.75,0.00,0.00,0.00,0,0.00,0,0,0,0
04-06-2025 00:00:00,221343.75,0.00,0.00,0.00,0,0.00,0,0,0,0
05-06-2025 00:00:00,220567.50,-804.33,14.52,13.56,132000,132000.00,-42296.25,0,0.00,0
06-06-2025 00:00:00,222228.75,1661.25,0.00,0.00,0,132000.00,-43942.50,0,0.00,0
09-06-2025 00:00:00,222937.50,693.72,7.89,7.13,66000,198000.00,-65673.75,0,0.01,0
10-06-2025 00:00:00,223627.50,690.00,0.00,0.00,0,198000.00,-66217.50,0,0.00,0
11-06-2025 00:00:00,224062.50,435.00,0.00,0.00,0,198000.00,-66693.75,0,0.00,0
12-06-2025 00:00:00,223203.75,-865.28,2.87,3.66,-198000,0.00,0,0,0,0
13-06-2025 00:00:00,222851.25,-361.63,4.82,4.31,66000,66000.00,0,-21060.00,0,0.00
16-06-2025 00:00:00,222026.25,-830.77,2.33,3.43,-66000,0.00,0,0,0,0
17-06-2025 00:00:00,222026.25,0.00,0.00,0.00,0,0.00,0,0,0,0
18-06-2025 00:00:00,222026.25,0.00,0.00,0.00,0,0.00,0,0,0,0
19-06-2025 00:00:00,222026.25,0.00,0.00,0.00,0,0.00,0,0,0,0
20-06-2025 00:00:00,222217.50,164.65,13.88,12.72,146000,146000.00,-58380.00,0,0.00,0
23-06-2025 00:00:00,217736.25,-4506.01,10.73,14.03,-146000,0.00,0,0,0,0
24-06-2025 00:00:00,216791.25,-960.29,8.12,7.17,73000,73000.00,-27761.25,0,0.00,0
25-06-2025 00:00:00,218231.25,1426.60,6.47,6.93,73000,146000.00,-58860.00,0,0.00,0
26-06-2025 00:00:00,225836.25,7583.93,12.64,8.43,0,146000.00,-59223.75,0,0.00,0
27-06-2025 00:00:00,227430.00,1583.31,5.43,5.01,66000,212000.00,-81960.00,0,0.00,0
30-06-2025 00:00:00,227355.00,-76.58,0.95,0.63,0,212000.00,-81765.00,0,0.00,0
01-07-2025 00:00:00,228243.75,888.75,0.00,0.00,0,212000.00,-82297.50,0,0.00,0
02-07-2025 00:00:00,228371.25,127.50,0.00,0.00,0,212000.00,-82320.00,0,0.00,0
03-07-2025 00:00:00,228603.75,232.50,0.00,0.00,-212000,0.00,0,0,0,0
04-07-2025 00:00:00,228360.00,-252.13,4.36,4.02,66000,66000.00,-21558.75,0,0.00,0
07-07-2025 00:00:00,228577.50,217.50,0.00,0.00,0,66000.00,-21780.00,0,0.00,0
08-07-2025 00:00:00,229102.50,525.00,0.00,0.00,0,66000.00,-22305.00,0,0.00,0
09-07-2025 00:00:00,229166.25,63.75,0.00,0.00,0,66000.00,-22368.75,0,3.27,0
10-07-2025 00:00:00,229297.50,131.25,0.00,0.00,-66000,0.00,0,0,0,0
11-07-2025 00:00:00,229297.50,0.00,0.00,0.00,0,0.00,0,0,0,0
14-07-2025 00:00:00,229222.50,-83.37,4.26,4.11,66000,66000.00,0,-22796.25,0,0.00
15-07-2025 00:00:00,228903.75,-320.77,1.21,0.81,0,66000.00,0,-21288.75,0,0.00
16-07-2025 00:00:00,229485.00,581.25,0.00,0.00,0,66000.00,0,-21637.50,0,0.00
17-07-2025 00:00:00,229935.00,450.00,0.00,0.00,0,66000.00,0,-21971.25,0,0.00
18-07-2025 00:00:00,229796.25,-147.80,4.69,4.35,59000,125000.00,0,-36168.75,0,0.00
21-07-2025 00:00:00,230122.50,326.25,0.00,0.00,0,125000.00,0,-36645.00,0,0.00
22-07-2025 00:00:00,230805.00,682.50,0.00,0.00,0,125000.00,0,-37151.25,0,0.00
23-07-2025 00:00:00,230568.75,-237.65,0.57,0.83,-125000,0.00,0,0,0,0
24-07-2025 00:00:00,230508.75,-68.15,4.30,3.85,66000,66000.00,0,-21513.75,0,0.00
25-07-2025 00:00:00,231671.25,1155.17,3.67,3.66,59000,125000.00,0,-37646.25,0,0.00
28-07-2025 00:00:00,232061.25,376.73,7.17,6.10,66000,191000.00,0,-57993.75,0,0.00
29-07-2025 00:00:00,231870.00,-194.88,1.76,1.87,0,191000.00,0,-58185.00,0,0.00
30-07-2025 00:00:00,232357.50,487.50,0.00,0.00,0,191000.00,0,-58751.25,0,0.00
31-07-2025 00:00:00,231990.00,-371.94,1.87,2.58,-191000,0.00,0,0,0,0
01-08-2025 00:00:00,232327.50,321.89,7.97,7.65,118000,118000.00,0,-29250.00,0,0.00
04-08-2025 00:00:00,231457.50,-871.55,0.93,0.62,0,118000.00,0,-28218.75,0,0.00
05-08-2025 00:00:00,232650.00,1192.50,0.00,0.00,0,118000.00,0,-29411.25,0,0.00
06-08-2025 00:00:00,233073.75,423.75,0.00,0.00,0,118000.00,0,-29835.00,0,4.91
07-08-2025 00:00:00,232106.25,-981.57,6.75,7.32,-118000,0.00,0,0,0,0
08-08-2025 00:00:00,232106.25,0.00,0.00,0.00,0,0.00,0,0,0,0
11-08-2025 00:00:00,232106.25,0.00,0.00,0.00,0,0.00,0,0,0,0
12-08-2025 00:00:00,232106.25,0.00,0.00,0.00,0,0.00,0,0,0,0
13-08-2025 00:00:00,232106.25,0.00,0.00,0.00,0,0.00,0,0,0,0
14-08-2025 00:00:00,232106.25,0.00,0.00,0.00,0,0.00,0,0,0,0
18-08-2025 00:00:00,231813.75,-304.91,6.50,5.90,73000,73000.00,-28046.25,0,0.00,0
19-08-2025 00:00:00,232488.75,675.00,0.00,0.00,0,73000.00,-28635.00,0,0.00,0
20-08-2025 00:00:00,233133.75,634.82,4.56,5.61,66000,139000.00,-54187.50,0,0.00,0
21-08-2025 00:00:00,232541.25,-597.60,3.06,2.04,0,139000.00,-51783.75,0,0.00,0
22-08-2025 00:00:00,231731.25,-810.00,0.00,0.00,0,139000.00,-51165.00,0,0.00,0
25-08-2025 00:00:00,233010.00,1278.75,0.00,0.00,0,139000.00,-52102.50,0,0.00,0
26-08-2025 00:00:00,232800.00,-220.38,5.00,5.38,-73000,66000.00,0,-23242.50,0,0.00
28-08-2025 00:00:00,233880.00,1080.00,0.00,0.00,0,66000.00,0,-23872.50,0,0.00
29-08-2025 00:00:00,233355.00,-527.28,1.37,0.91,0,66000.00,0,-22380.00,0,0.00
01-09-2025 00:00:00,233373.75,18.75,0.00,0.00,0,66000.00,-37.50,-22537.50,0.00,2.68
02-09-2025 00:00:00,233235.00,-148.51,5.09,4.67,-7000,59000.00,0,-13991.25,0,0.00
03-09-2025 00:00:00,232845.00,-390.00,0.00,0.00,0,59000.00,0,-13612.50,0,0.00
04-09-2025 00:00:00,229796.25,-3074.37,11.70,13.92,-59000,0.00,0,0,0,0
05-09-2025 00:00:00,229796.25,0.00,0.00,0.00,0,0.00,0,0,0,0
08-09-2025 00:00:00,229061.25,-747.71,6.44,6.27,66000,66000.00,-21097.50,0,0.00,0
09-09-2025 00:00:00,229477.50,416.25,0.00,0.00,0,66000.00,-21697.50,0,0.00,0
10-09-2025 00:00:00,229893.75,416.25,0.00,0.00,0,66000.00,-22087.50,0,0.00,0
11-09-2025 00:00:00,230017.50,123.75,0.00,0.00,0,66000.00,-22263.75,0,0.00,0
12-09-2025 00:00:00,230066.25,48.75,0.00,0.00,0,66000.00,-22406.25,0,0.00,0
15-09-2025 00:00:00,230088.75,22.50,0.00,0.00,0,66000.00,-22346.25,0,0.00,0
16-09-2025 00:00:00,230265.00,164.37,5.91,5.97,0,66000.00,-22755.00,0,0.00,0
17-09-2025 00:00:00,230666.25,390.12,5.87,5.26,66000,132000.00,-44013.75,0,0.00,0
18-09-2025 00:00:00,231585.00,905.35,7.29,6.11,66000,198000.00,-65703.75,0,0.00,0
19-09-2025 00:00:00,229736.25,-1856.56,3.07,4.74,-66000,132000.00,-44497.50,0,0.00,0
22-09-2025 00:00:00,229203.75,-532.50,0.00,0.00,0,132000.00,-43867.50,0,92.28,0
23-09-2025 00:00:00,227358.75,-1850.14,1.85,3.29,-132000,0.00,0,0,0,0
24-09-2025 00:00:00,227448.75,80.99,4.77,4.25,59000,59000.00,0,-14036.25,0,0.00
25-09-2025 00:00:00,228570.00,1113.41,4.14,3.71,66000,125000.00,0,-36600.00,0,0.00
26-09-2025 00:00:00,232391.25,3802.53,10.19,8.54,59000,184000.00,0,-52515.00,0,0.00
29-09-2025 00:00:00,232755.00,362.70,0.63,0.42,0,184000.00,0,-52256.25,0,0.00
30-09-2025 00:00:00,232998.75,243.75,0.00,0.00,-184000,0.00,0,0,0,0
01-10-2025 00:00:00,232998.75,0.00,0.00,0.00,0,0.00,0,0,0,0
03-10-2025 00:00:00,232998.75,0.00,0.00,0.00,0,0.00,0,0,0,0
06-10-2025 00:00:00,232563.75,-446.84,5.86,5.98,66000,66000.00,-21858.75,0,0.00,0
07-10-2025 00:00:00,232548.75,-30.36,7.82,7.54,66000,132000.00,-43143.75,0,0.00,0
08-10-2025 00:00:00,231780.00,-770.25,0.90,0.60,0,132000.00,-41583.75,0,0.00,0
09-10-2025 00:00:00,233452.50,1672.50,0.00,0.00,0,132000.00,-43811.25,0,0.00,0
10-10-2025 00:00:00,233711.25,258.75,0.00,0.00,0,132000.00,-44531.25,0,0.00,0
13-10-2025 00:00:00,233688.75,-22.50,0.00,0.00,0,132000.00,-44985.00,0,0.00,0
14-10-2025 00:00:00,233917.50,228.75,0.00,0.00,-132000,0.00,0,0,0,0
15-10-2025 00:00:00,234502.50,578.82,3.15,3.03,66000,66000.00,-22582.50,0,0.00,0
16-10-2025 00:00:00,236767.50,2258.19,4.08,2.72,0,66000.00,-22357.50,0,0.00,0
17-10-2025 00:00:00,236625.00,-153.41,5.73,5.18,73000,139000.00,-51018.75,0,0.00,0
20-10-2025 00:00:00,237682.50,1057.50,0.00,0.00,-66000,73000.00,-29456.25,0,0.00,0
23-10-2025 00:00:00,236606.25,-1090.95,7.05,7.66,0,73000.00,-29767.50,0,0.00,0
24-10-2025 00:00:00,236598.75,-8.60,0.51,0.59,-73000,0.00,0,0,0,0
27-10-2025 00:00:00,236598.75,0.00,0.00,0.00,0,0.00,0,0,0,0
28-10-2025 00:00:00,236598.75,0.00,0.00,0.00,0,0.00,0,0,0,0
29-10-2025 00:00:00,237480.00,872.92,4.24,4.09,66000,66000.00,-22290.00,0,0.00,0
30-10-2025 00:00:00,236351.25,-1130.60,1.11,0.74,0,66000.00,-20703.75,0,0.00,0
31-10-2025 00:00:00,235785.00,-570.68,1.75,2.67,-66000,0.00,0,0,0,0
03-11-2025 00:00:00,235653.75,-141.32,5.36,4.72,66000,66000.00,0,-21371.25,0,0.00
04-11-2025 00:00:00,237266.25,1606.07,3.20,3.23,66000,132000.00,0,-45772.50,0,0.00
06-11-2025 00:00:00,237540.00,271.71,1.23,0.82,0,132000.00,0,-44587.50,0,0.00
07-11-2025 00:00:00,237506.25,-36.71,1.44,1.52,0,132000.00,0,-44763.75,0,0.00
10-11-2025 00:00:00,237562.50,55.67,0.27,0.31,-132000,0.00,0,0,0,0
11-11-2025 00:00:00,237562.50,0.00,0.00,0.00,0,0.00,0,0,0,0
12-11-2025 00:00:00,237562.50,0.00,0.00,0.00,0,0.00,0,0,0,0
13-11-2025 00:00:00,237562.50,0.00,0.00,0.00,0,0.00,0,0,0,0
14-11-2025 00:00:00,237697.50,127.06,4.16,3.79,66000,66000.00,-21150.00,0,0.00,0
17-11-2025 00:00:00,237772.50,62.75,6.25,6.00,73000,139000.00,-51465.00,0,0.00,0
18-11-2025 00:00:00,237592.50,-180.00,0.00,0.00,-66000,73000.00,-28717.50,0,0.00,0
19-11-2025 00:00:00,238286.25,693.75,0.00,0.00,0,73000.00,-29437.50,0,0.00,0
20-11-2025 00:00:00,238740.00,446.02,4.07,3.67,66000,139000.00,-51116.25,0,0.00,0
21-11-2025 00:00:00,238053.75,-686.25,0.00,0.00,0,139000.00,-50126.25,0,0.00,0
24-11-2025 00:00:00,238766.25,712.50,0.00,0.00,0,139000.00,-51671.25,0,0.00,0
25-11-2025 00:00:00,239595.00,828.72,0.02,0.02,-139000,0.00,0,0,0,0
26-11-2025 00:00:00,240502.50,900.43,3.58,3.49,66000,66000.00,-23216.25,0,0.00,0
27-11-2025 00:00:00,240341.25,-163.32,1.24,0.83,0,66000.00,-21926.25,0,0.00,0
28-11-2025 00:00:00,240438.75,97.50,0.00,0.00,0,66000.00,-22076.25,0,0.00,0
01-12-2025 00:00:00,240528.75,90.00,0.00,0.00,0,66000.00,-22488.75,0,0.00,0
02-12-2025 00:00:00,240592.50,63.75,0.00,0.00,-66000,0.00,0,0,0,0
03-12-2025 00:00:00,240592.50,0.00,0.00,0.00,0,0.00,0,0,0,0
04-12-2025 00:00:00,240656.25,53.38,5.57,4.80,59000,59000.00,0,-13871.25,0,0.00
05-12-2025 00:00:00,239126.25,-1537.20,2.85,4.35,-59000,0.00,0,0,0,0
08-12-2025 00:00:00,239298.75,166.20,3.14,3.16,66000,66000.00,0,-23111.25,0,0.00
09-12-2025 00:00:00,239670.00,369.08,1.30,0.87,0,66000.00,0,-22177.50,0,0.00
10-12-2025 00:00:00,239722.50,52.50,0.00,0.00,0,66000.00,0,-22353.75,0,0.00
11-12-2025 00:00:00,239853.75,131.25,0.00,0.00,0,66000.00,0,-22357.50,0,0.00
12-12-2025 00:00:00,239745.00,-109.47,0.30,0.41,-66000,0.00,0,0,0,0
15-12-2025 00:00:00,239745.00,0.00,0.00,0.00,0,0.00,0,0,0,0
16-12-2025 00:00:00,239745.00,0.00,0.00,0.00,0,0.00,0,0,0,0
17-12-2025 00:00:00,239745.00,0.00,0.00,0.00,0,0.00,0,0,0,0
18-12-2025 00:00:00,239745.00,0.00,0.00,0.00,0,0.00,0,0,0,0
19-12-2025 00:00:00,239745.00,0.00,0.00,0.00,0,0.00,0,0,0,0
22-12-2025 00:00:00,240555.00,801.71,3.83,4.46,73000,73000.00,-31638.75,0,0.00,0
23-12-2025 00:00:00,243277.50,2692.57,16.47,13.47,73000,146000.00,-57922.50,0,0.00,0
24-12-2025 00:00:00,243855.00,575.15,1.14,1.21,0,146000.00,-58203.75,0,0.00,0
26-12-2025 00:00:00,243877.50,22.50,0.00,0.00,0,146000.00,-58320.00,0,0.00,0
29-12-2025 00:00:00,243945.00,67.50,0.00,0.00,0,146000.00,-59580.00,0,0.00,0
30-12-2025 00:00:00,244361.25,416.21,0.02,0.02,-146000,0.00,0,0,0,0
31-12-2025 00:00:00,244361.25,0.00,0.00,0.00,0,0.00,0,0,0,0
01-01-2026 00:00:00,244215.00,-148.43,1.06,1.13,0,0.00,0,0,0,0
02-01-2026 00:00:00,244743.75,527.77,0.33,0.66,0,0.00,-1916.25,0,0.00,0
05-01-2026 00:00:00,244050.00,-694.98,0.74,0.49,0,0.00,0,0,0,0
06-01-2026 00:00:00,244050.00,0.00,0.00,0.00,0,0.00,0,0,0,0
07-01-2026 00:00:00,244050.00,0.00,0.00,0.00,0,0.00,0,0,0,0
08-01-2026 00:00:00,246825.00,2764.46,5.27,5.28,66000,66000.00,0,-27292.50,0,0.00
09-01-2026 00:00:00,252810.00,5957.14,16.27,11.60,0,66000.00,0,-22320.00,0,0.00
12-01-2026 00:00:00,251737.50,-1094.16,10.42,11.24,-66000,0.00,0,0,0,0
13-01-2026 00:00:00,251737.50,0.00,0.00,0.00,0,0.00,0,0,0,0
14-01-2026 00:00:00,251737.50,0.00,0.00,0.00,0,0.00,0,0,0,0
16-01-2026 00:00:00,251737.50,0.00,0.00,0.00,0,0.00,0,0,0,0
19-01-2026 00:00:00,252382.50,637.01,4.03,3.96,66000,66000.00,0,-22998.75,0,0.00
20-01-2026 00:00:00,255296.25,2896.05,9.80,7.90,66000,132000.00,0,-44673.75,0,0.00
21-01-2026 00:00:00,255015.00,-302.22,10.04,10.92,-132000,0.00,0,-1098.75,0,0.00
22-01-2026 00:00:00,254437.50,-578.81,0.79,0.53,0,0.00,0,0,0,0
23-01-2026 00:00:00,254437.50,0.00,0.00,0.00,0,0.00,0,0,0,0
27-01-2026 00:00:00,254437.50,0.00,0.00,0.00,0,0.00,0,0,0,0
28-01-2026 00:00:00,254437.50,0.00,0.00,0.00,0,0.00,0,0,0,0
29-01-2026 00:00:00,254437.50,0.00,0.00,0.00,0,0.00,0,0,0,0
30-01-2026 00:00:00,254437.50,0.00,0.00,0.00,0,0.00,0,0,0,0
01-02-2026 00:00:00,258423.75,3938.52,25.05,22.67,73000,73000.00,0,-29111.25,0,0.00
02-02-2026 00:00:00,256170.00,-2296.46,20.60,22.11,-73000,0.00,0,0,0,0
03-02-2026 00:00:00,256833.75,642.29,11.19,10.28,73000,73000.00,-29006.25,0,0.00,0
04-02-2026 00:00:00,256991.25,147.44,5.24,4.82,66000,139000.00,-50647.50,0,0.00,0
05-02-2026 00:00:00,256788.75,-202.50,0.00,0.00,0,139000.00,-50456.25,0,0.00,0
06-02-2026 00:00:00,255757.50,-1045.46,6.51,7.70,-80000,59000.00,-14283.75,0,0.00,0
09-02-2026 00:00:00,256522.50,764.83,0.10,0.07,0,59000.00,-14985.00,0,5.78,0
10-02-2026 00:00:00,255618.75,-928.19,12.22,12.22,101000,160000.00,-73380.00,0,0.00,0
11-02-2026 00:00:00,256076.25,455.51,1.19,0.80,0,160000.00,-73350.00,0,0.00,0
12-02-2026 00:00:00,255956.25,-120.00,0.00,0.00,0,160000.00,-72540.00,0,0.00,0
13-02-2026 00:00:00,252810.00,-3166.31,9.10,10.96,-94000,66000.00,0,-21870.00,0,0.00
16-02-2026 00:00:00,251193.75,-1635.57,9.04,10.28,0,66000.00,0,-22845.00,0,0.00
17-02-2026 00:00:00,251846.25,649.65,1.60,1.25,-66000,0.00,0,0,0,0
18-02-2026 00:00:00,251910.00,55.01,4.60,4.14,73000,73000.00,-28968.75,0,0.00,0
19-02-2026 00:00:00,249828.75,-2108.39,12.87,14.27,-14000,59000.00,0,-14857.50,0,0.00
20-02-2026 00:00:00,248411.25,-1426.94,4.34,5.11,-59000,0.00,0,0,0,0
